<?xml version="1.0" encoding="UTF-8" standalone="yes"?>
<applicationHaul xmlns:a="http://www.appian.com/ae/types/2009">
    <versionUuid>_a-0000ea98-55a7-8000-9c06-011c48011c48_1615118</versionUuid>
    <application>
        <name>DJC_Samples</name>
        <uuid>b62d65c9-d656-42c3-b480-83ebb9f4fb4a</uuid>
        <description></description>
        <parentUuid>SYSTEM_APPLICATIONS_ROOT</parentUuid>
        <visibility>
            <advertise>false</advertise>
            <hierarchy>true</hierarchy>
            <indexable>true</indexable>
            <quota>false</quota>
            <searchable>true</searchable>
            <system>false</system>
            <unlogged>false</unlogged>
        </visibility>
        <urlIdentifier>l_XbTQ</urlIdentifier>
        <published>false</published>
        <public>false</public>
        <prefix>D</prefix>
        <associatedObjects>
            <globalIdMap>
                <item>
                    <type>datatype</type>
                    <uuids>
                        <uuid>{urn:com:appian:types:D}D_DJC_ERROR_HANDLING</uuid>
                        <uuid>{urn:com:appian:types:A}A_TestRecord</uuid>
                    </uuids>
                </item>
                <item>
                    <type>dataStore</type>
                    <uuids>
                        <uuid>_a-0000ea5f-f928-8000-9c03-011c48011c48_1585709</uuid>
                        <uuid>62e5f986-2916-41c0-b301-edd7c3c273fa</uuid>
                    </uuids>
                </item>
                <item>
                    <type>user</type>
                    <uuids/>
                </item>
                <item>
                    <type>groupType</type>
                    <uuids/>
                </item>
                <item>
                    <type>group</type>
                    <uuids>
                        <uuid>d9ae02e1-4f4b-4d3f-9400-7af2467259a4</uuid>
                        <uuid>851610d3-a8e1-4d23-b581-797cd7798bd8</uuid>
                        <uuid>31e48ce1-eb79-4fbd-af5d-7d1246d61c93</uuid>
                        <uuid>_e-0000ea3d-efa3-8000-9b4a-01075c01075c_3976</uuid>
                    </uuids>
                </item>
                <item>
                    <type>content</type>
                    <uuids>
                        <uuid>23f43b9b-3845-44c3-9f4e-3b5b61031d3b</uuid>
                        <uuid>554a8edc-52db-4c4c-9fa8-6e9eda3eeb69</uuid>
                        <uuid>e761295f-f6fe-48b3-ae7c-9585fc59634d</uuid>
                        <uuid>576ac3a0-1e9f-4231-983c-e1d03558088e</uuid>
                        <uuid>_a-0000e8ea-e133-8000-9bf0-011c48011c48_1260679</uuid>
                        <uuid>_a-0000e8ea-e133-8000-9bf0-011c48011c48_1260685</uuid>
                        <uuid>_a-0000e8ea-e133-8000-9bf0-011c48011c48_1260711</uuid>
                        <uuid>_a-0000e921-4eff-8000-9bf5-011c48011c48_1287733</uuid>
                        <uuid>_a-0000e921-4eff-8000-9bf5-011c48011c48_1320842</uuid>
                        <uuid>_a-0000e921-4eff-8000-9bf5-011c48011c48_1320848</uuid>
                        <uuid>_a-0000e921-4eff-8000-9bf5-011c48011c48_1330024</uuid>
                        <uuid>_a-0000e921-4eff-8000-9bf5-011c48011c48_1330039</uuid>
                        <uuid>_a-0000e921-4eff-8000-9bf5-011c48011c48_1330051</uuid>
                        <uuid>_a-0000e93a-32c6-8000-9bf7-011c48011c48_1373388</uuid>
                        <uuid>_a-0000e93a-32c6-8000-9bf7-011c48011c48_1375098</uuid>
                        <uuid>_a-0000ea5f-f928-8000-9c03-011c48011c48_1585696</uuid>
                        <uuid>_a-0000ea5f-f928-8000-9c03-011c48011c48_1585724</uuid>
                        <uuid>_a-0000ea5f-f928-8000-9c03-011c48011c48_1585736</uuid>
                        <uuid>cdd24bf4-75ea-43ac-8d31-71bc8d9db51c</uuid>
                        <uuid>_a-0000ea98-55a7-8000-9c06-011c48011c48_1614761</uuid>
                    </uuids>
                </item>
                <item>
                    <type>forum</type>
                    <uuids/>
                </item>
                <item>
                    <type>processModelFolder</type>
                    <uuids>
                        <uuid>ec3bb923-4c7f-4277-98b2-3b5f327f6d50</uuid>
                    </uuids>
                </item>
                <item>
                    <type>processModel</type>
                    <uuids>
                        <uuid>0002e8fe-7af4-8000-8877-7f0000014e7a</uuid>
                        <uuid>0002e941-f059-8000-8c1c-7f0000014e7a</uuid>
                        <uuid>0002e98b-376e-8000-96ea-7f0000014e7a</uuid>
                        <uuid>0002e98b-4033-8000-96ef-7f0000014e7a</uuid>
                        <uuid>0002e98c-cc24-8000-976b-7f0000014e7a</uuid>
                        <uuid>0002ea64-b4f7-8000-b212-7f0000014e7a</uuid>
                        <uuid>0005ea68-94e3-8000-b232-7f0000014e7a</uuid>
                        <uuid>0002ea68-ba82-8000-b23e-7f0000014e7a</uuid>
                    </uuids>
                </item>
                <item>
                    <type>portlet</type>
                    <uuids/>
                </item>
                <item>
                    <type>page</type>
                    <uuids/>
                </item>
                <item>
                    <type>application</type>
                    <uuids/>
                </item>
                <item>
                    <type>tempoFeed</type>
                    <uuids/>
                </item>
                <item>
                    <type>recordType</type>
                    <uuids>
                        <uuid>225c0de9-f08e-4fc5-8629-b505b6a38c78</uuid>
                    </uuids>
                </item>
                <item>
                    <type>recordField</type>
                    <uuids/>
                </item>
                <item>
                    <type>recordRelationship</type>
                    <uuids/>
                </item>
                <item>
                    <type>tempoReport</type>
                    <uuids/>
                </item>
                <item>
                    <type>taskReport</type>
                    <uuids/>
                </item>
                <item>
                    <type>webApi</type>
                    <uuids>
                        <uuid>7080e318-b0d0-44ff-af83-ac7e698d6a0a</uuid>
                        <uuid>6f8b07e3-b107-4c2a-9c29-bdf3de5b125f</uuid>
                    </uuids>
                </item>
                <item>
                    <type>site</type>
                    <uuids>
                        <uuid>da12f481-aa84-4740-9ad7-62eaa44277a7</uuid>
                    </uuids>
                </item>
                <item>
                    <type>adminSetting</type>
                    <uuids/>
                </item>
                <item>
                    <type>thirdPartyCredentials</type>
                    <uuids/>
                </item>
                <item>
                    <type>dataSource</type>
                    <uuids/>
                </item>
                <item>
                    <type>embeddedSailTheme</type>
                    <uuids/>
                </item>
                <item>
                    <type>connectedSystem</type>
                    <uuids/>
                </item>
                <item>
                    <type>pluginInfo</type>
                    <uuids/>
                </item>
                <item>
                    <type>featureFlag</type>
                    <uuids/>
                </item>
                <item>
                    <type>designObjectReferenceImplementation</type>
                    <uuids/>
                </item>
                <item>
                    <type>aiSkill</type>
                    <uuids/>
                </item>
                <item>
                    <type>roboticTaskDesignObject</type>
                    <uuids/>
                </item>
                <item>
                    <type>robotPoolDesignObject</type>
                    <uuids/>
                </item>
                <item>
                    <type>portal</type>
                    <uuids/>
                </item>
                <item>
                    <type>translationSetDesignObject</type>
                    <uuids/>
                </item>
            </globalIdMap>
        </associatedObjects>
        <applicationNavigation/>
        <applicationActions/>
        <associatedApplications>
            <globalIdMap>
                <item>
                    <type>datatype</type>
                    <uuids/>
                </item>
                <item>
                    <type>dataStore</type>
                    <uuids/>
                </item>
                <item>
                    <type>user</type>
                    <uuids/>
                </item>
                <item>
                    <type>groupType</type>
                    <uuids/>
                </item>
                <item>
                    <type>group</type>
                    <uuids/>
                </item>
                <item>
                    <type>content</type>
                    <uuids/>
                </item>
                <item>
                    <type>forum</type>
                    <uuids/>
                </item>
                <item>
                    <type>processModelFolder</type>
                    <uuids/>
                </item>
                <item>
                    <type>processModel</type>
                    <uuids/>
                </item>
                <item>
                    <type>portlet</type>
                    <uuids/>
                </item>
                <item>
                    <type>page</type>
                    <uuids/>
                </item>
                <item>
                    <type>application</type>
                    <uuids/>
                </item>
                <item>
                    <type>tempoFeed</type>
                    <uuids/>
                </item>
                <item>
                    <type>recordType</type>
                    <uuids/>
                </item>
                <item>
                    <type>recordField</type>
                    <uuids/>
                </item>
                <item>
                    <type>recordRelationship</type>
                    <uuids/>
                </item>
                <item>
                    <type>tempoReport</type>
                    <uuids/>
                </item>
                <item>
                    <type>taskReport</type>
                    <uuids/>
                </item>
                <item>
                    <type>webApi</type>
                    <uuids/>
                </item>
                <item>
                    <type>site</type>
                    <uuids/>
                </item>
                <item>
                    <type>adminSetting</type>
                    <uuids/>
                </item>
                <item>
                    <type>thirdPartyCredentials</type>
                    <uuids/>
                </item>
                <item>
                    <type>dataSource</type>
                    <uuids/>
                </item>
                <item>
                    <type>embeddedSailTheme</type>
                    <uuids/>
                </item>
                <item>
                    <type>connectedSystem</type>
                    <uuids/>
                </item>
                <item>
                    <type>pluginInfo</type>
                    <uuids/>
                </item>
                <item>
                    <type>featureFlag</type>
                    <uuids/>
                </item>
                <item>
                    <type>designObjectReferenceImplementation</type>
                    <uuids/>
                </item>
                <item>
                    <type>aiSkill</type>
                    <uuids/>
                </item>
                <item>
                    <type>roboticTaskDesignObject</type>
                    <uuids/>
                </item>
                <item>
                    <type>robotPoolDesignObject</type>
                    <uuids/>
                </item>
                <item>
                    <type>portal</type>
                    <uuids/>
                </item>
                <item>
                    <type>translationSetDesignObject</type>
                    <uuids/>
                </item>
            </globalIdMap>
        </associatedApplications>
    </application>
    <roleMap>
        <contentRoleMap public="true">
            <role inherit="false" allowForAll="false" name="readers">
                <users/>
                <groups>
                    <groupUuid>851610d3-a8e1-4d23-b581-797cd7798bd8</groupUuid>
                </groups>
            </role>
            <role inherit="false" allowForAll="false" name="authors">
                <users/>
                <groups/>
            </role>
            <role inherit="false" allowForAll="false" name="administrators">
                <users/>
                <groups>
                    <groupUuid>d9ae02e1-4f4b-4d3f-9400-7af2467259a4</groupUuid>
                </groups>
            </role>
            <role inherit="false" allowForAll="false" name="denyReaders">
                <users/>
                <groups/>
            </role>
            <role inherit="false" allowForAll="false" name="denyAuthors">
                <users/>
                <groups/>
            </role>
            <role inherit="false" allowForAll="false" name="denyAdministrators">
                <users/>
                <groups/>
            </role>
        </contentRoleMap>
    </roleMap>
    <defaultApplicationObjects>
        <object>
            <objectKey>defaultAdminsGroup</objectKey>
            <objectType>group</objectType>
            <objectUuid>d9ae02e1-4f4b-4d3f-9400-7af2467259a4</objectUuid>
        </object>
        <object>
            <objectKey>defaultUsersGroup</objectKey>
            <objectType>group</objectType>
            <objectUuid>851610d3-a8e1-4d23-b581-797cd7798bd8</objectUuid>
        </object>
    </defaultApplicationObjects>
    <applicationDocumentation/>
    <history>
        <historyInfo versionUuid="a5075468-4a1b-47ad-a0ad-83c8070eda19"/>
        <historyInfo versionUuid="_a-0000ea98-55a7-8000-9c06-011c48011c48_1614766"/>
        <historyInfo versionUuid="_a-0000ea98-55a7-8000-9c06-011c48011c48_1615118"/>
    </history>
    <postDeploymentProcessData/>
</applicationHaul>
