<?xml version="1.0" encoding="UTF-8" standalone="yes"?>
<groupHaul xmlns:a="http://www.appian.com/ae/types/2009">
    <versionUuid>_e-0000e7ed-de72-8000-3426-011e94011e94_114</versionUuid>
    <group>
        <name>Pruebas_INSS_ARC_SAML_PRO</name>
        <securityMap>SECURITYMAP_TEAM</securityMap>
        <uuid>_e-0000e7ed-de72-8000-3426-011e94011e94_113</uuid>
        <groupTypeUuid>SYSTEM_GROUP_TYPE_CUSTOM</groupTypeUuid>
        <description></description>
        <delegatedCreation>false</delegatedCreation>
        <memberPolicy>MEMBERPOLICY_CLOSED</memberPolicy>
        <viewingPolicy>VIEWINGPOLICY_LOW</viewingPolicy>
        <attributes/>
    </group>
    <members>
        <users/>
        <groups/>
    </members>
    <admins>
        <users>
            <userUuid>alberto.saavedrag@inetum.com</userUuid>
        </users>
        <groups/>
    </admins>
    <ruleSet/>
    <history>
        <historyInfo versionUuid="_e-0000e7ed-de72-8000-3426-011e94011e94_114"/>
    </history>
</groupHaul>
