<?xml version="1.0" encoding="UTF-8"?>
<recordTypeHaul xmlns:a="http://www.appian.com/ae/types/2009" xmlns:xsi="http://www.w3.org/2001/XMLSchema-instance">
  <versionUuid>8af2b829-b70d-425f-b53d-2c40aa6141ae</versionUuid>
  <recordType a:uuid="a6235fc2-4b48-44eb-b86d-4b4cbe2fda48" name="Usuario">
    <a:pluralName>Usuarios</a:pluralName>
    <a:description/>
    <a:urlStub>nsjT6Q</a:urlStub>
    <a:source xsi:type="a:RecordsReplica"/>
    <a:listViewTemplateExpr>#"SYSTEM_SYSRULES_recordGridField"(
  columns: {
    #"SYSTEM_SYSRULES_gridColumn"(
      label: "Idusuario",
      sortField: #"urn:appian:record-field:v1:a6235fc2-4b48-44eb-b86d-4b4cbe2fda48/0363cc36-6085-4eb0-b1c7-3fc77e68b9ac",
      value: fv!row[#"urn:appian:record-field:v1:a6235fc2-4b48-44eb-b86d-4b4cbe2fda48/0363cc36-6085-4eb0-b1c7-3fc77e68b9ac"],
      align: "END"
    ),
    #"SYSTEM_SYSRULES_gridColumn"(
      label: "Nombre",
      sortField: #"urn:appian:record-field:v1:a6235fc2-4b48-44eb-b86d-4b4cbe2fda48/698a4bbb-e443-4a39-93f8-0a8759b00f38",
      value: #"SYSTEM_SYSRULES_linkField"(
        links: {
          #"SYSTEM_SYSRULES_recordLink"(
            label: fv!row[#"urn:appian:record-field:v1:a6235fc2-4b48-44eb-b86d-4b4cbe2fda48/698a4bbb-e443-4a39-93f8-0a8759b00f38"],
            recordType: #"urn:appian:record-type:v1:a6235fc2-4b48-44eb-b86d-4b4cbe2fda48",
            identifier: fv!identifier
          )
        }
      )
    ),
    #"SYSTEM_SYSRULES_gridColumn"(
      label: "Apellidos",
      sortField: #"urn:appian:record-field:v1:a6235fc2-4b48-44eb-b86d-4b4cbe2fda48/14ef5e1a-22f0-4fe8-8f3a-4c1c26e77493",
      value: fv!row[#"urn:appian:record-field:v1:a6235fc2-4b48-44eb-b86d-4b4cbe2fda48/14ef5e1a-22f0-4fe8-8f3a-4c1c26e77493"]
    ),
    #"SYSTEM_SYSRULES_gridColumn"(
      label: "Direccion",
      sortField: #"urn:appian:record-field:v1:a6235fc2-4b48-44eb-b86d-4b4cbe2fda48/34a5d4e2-ae6f-4f18-9a72-08a90ce33985",
      value: fv!row[#"urn:appian:record-field:v1:a6235fc2-4b48-44eb-b86d-4b4cbe2fda48/34a5d4e2-ae6f-4f18-9a72-08a90ce33985"]
    )
  },
  pageSize: 50,
  shadeAlternateRows: true
)</a:listViewTemplateExpr>
    <a:detailViewCfg>
      <a:nameExpr>#"SYSTEM_SYSRULES_rtd_getDefaultSummaryViewName"()</a:nameExpr>
      <a:uiExpr/>
      <a:visibilityExpr>=true()</a:visibilityExpr>
      <a:urlStub>summary</a:urlStub>
      <a:headerExpr/>
      <a:recordActionLaunchType>DIALOG</a:recordActionLaunchType>
      <a:recordUiSecurityType>EXPRESSION</a:recordUiSecurityType>
    </a:detailViewCfg>
    <a:relatedActionCfg a:uuid="fcd03a46-4384-4179-bebb-0b0a1043583a">
      <a:target a:uuid="9bc58bbf-4f93-428f-ad91-c7bf682d478f" xsi:type="a:ProcessModel"/>
      <a:contextExpr>{
  record: rv!record,
  cancel: false()
}</a:contextExpr>
      <a:visibilityExpr/>
      <a:iconId>f1f8</a:iconId>
      <a:refId>refId-fcd03a46-4384-4179-bebb-0b0a1043583a</a:refId>
      <a:staticTitleString>Delete Usuario</a:staticTitleString>
      <a:staticDescriptionString>Action to delete a Usuario</a:staticDescriptionString>
      <a:referenceKey>deleteUsuario</a:referenceKey>
      <a:dialogSize>SHORT$MEDIUM</a:dialogSize>
      <a:showInRecordList>false</a:showInRecordList>
      <a:recordUiSecurityType>GUIDED</a:recordUiSecurityType>
      <a:securityCfg>
        <a:membershipFilter>{"type":"MEMBERSHIP_ALL","config":{"#v":[],"#t":"Variant?list"},"#t":"RecordRowLevelSecurityMembershipFilter"}</a:membershipFilter>
        <a:dataFilter>{"type":"ALLOW_ALL","config":{"#v":[],"#t":"Variant?list"},"#t":"RecordRowLevelSecurityDataFilter"}</a:dataFilter>
      </a:securityCfg>
      <a:dialogWidth>MEDIUM</a:dialogWidth>
      <a:dialogHeight>SHORT</a:dialogHeight>
    </a:relatedActionCfg>
    <a:relatedActionCfg a:uuid="066a8c56-6267-4ab3-9ad6-35979160faa7">
      <a:target a:uuid="ad302e4c-9b65-46a2-ad77-fd5be0e025d4" xsi:type="a:ProcessModel"/>
      <a:contextExpr>{
  record: rv!record,
  cancel: false(),
  isUpdate: true()
}</a:contextExpr>
      <a:visibilityExpr/>
      <a:iconId>f044</a:iconId>
      <a:refId>refId-066a8c56-6267-4ab3-9ad6-35979160faa7</a:refId>
      <a:staticTitleString>Update Usuario</a:staticTitleString>
      <a:staticDescriptionString>Action to update a Usuario</a:staticDescriptionString>
      <a:referenceKey>updateUsuario</a:referenceKey>
      <a:dialogSize>FIT$FIT</a:dialogSize>
      <a:showInRecordList>false</a:showInRecordList>
      <a:recordUiSecurityType>GUIDED</a:recordUiSecurityType>
      <a:securityCfg>
        <a:membershipFilter>{"type":"MEMBERSHIP_ALL","config":{"#v":[],"#t":"Variant?list"},"#t":"RecordRowLevelSecurityMembershipFilter"}</a:membershipFilter>
        <a:dataFilter>{"type":"ALLOW_ALL","config":{"#v":[],"#t":"Variant?list"},"#t":"RecordRowLevelSecurityDataFilter"}</a:dataFilter>
      </a:securityCfg>
      <a:dialogWidth>FIT</a:dialogWidth>
      <a:dialogHeight>FIT</a:dialogHeight>
    </a:relatedActionCfg>
    <a:isSystem>false</a:isSystem>
    <a:dataSrcExpr/>
    <a:facetsListExpr/>
    <a:titleExpr>rv!record[#"urn:appian:record-field:v1:a6235fc2-4b48-44eb-b86d-4b4cbe2fda48/698a4bbb-e443-4a39-93f8-0a8759b00f38"]</a:titleExpr>
    <a:defaultFiltersExpr/>
    <a:layoutType>GRID</a:layoutType>
    <a:security>16383</a:security>
    <a:hideLatestNews>false</a:hideLatestNews>
    <a:hideNewsView>false</a:hideNewsView>
    <a:hideRelatedActionsView>false</a:hideRelatedActionsView>
    <a:isExportable>true</a:isExportable>
    <a:listViewSrcExpr/>
    <a:recordViewSrcExpr/>
    <a:recordListActionCfg a:uuid="2d0e3ab8-d598-4e19-adb4-accb1442711f">
      <a:staticTitle>New Usuario</a:staticTitle>
      <a:staticDescription>Action to create a new Usuario</a:staticDescription>
      <a:iconId>f067</a:iconId>
      <a:target a:uuid="ad302e4c-9b65-46a2-ad77-fd5be0e025d4" xsi:type="a:ProcessModel"/>
      <a:visibilityExpr/>
      <a:referenceKey>newUsuario</a:referenceKey>
      <a:dialogSize>FIT$FIT</a:dialogSize>
      <a:showInRecordList>true</a:showInRecordList>
      <a:recordUiSecurityType>GUIDED</a:recordUiSecurityType>
      <a:securityCfg>
        <a:membershipFilter>{"type":"MEMBERSHIP_ALL","config":{"#v":[],"#t":"Variant?list"},"#t":"RecordRowLevelSecurityMembershipFilter"}</a:membershipFilter>
        <a:dataFilter>{"type":"ALLOW_ALL","config":{"#v":[],"#t":"Variant?list"},"#t":"RecordRowLevelSecurityDataFilter"}</a:dataFilter>
      </a:securityCfg>
      <a:dialogWidth>FIT</a:dialogWidth>
      <a:dialogHeight>FIT</a:dialogHeight>
    </a:recordListActionCfg>
    <a:recordTypeSearchCfg>
      <searchFieldsSrc>DEFAULT</searchFieldsSrc>
      <placeholderSrc>DEFAULT</placeholderSrc>
      <placeholder/>
    </a:recordTypeSearchCfg>
    <a:iconId/>
    <a:listAutoRefreshInterval>0.0</a:listAutoRefreshInterval>
    <a:sourceConfiguration>
      <sourceUuid>usuario@_a-0000ecf7-e638-8000-8544-2cef902cef90_7108</sourceUuid>
      <sourceType>RDBMS_TABLE</sourceType>
      <sourceSubType>NONE</sourceSubType>
      <friendlyName>usuario</friendlyName>
      <sourceFilterExpr/>
      <field>
        <uuid>0363cc36-6085-4eb0-b1c7-3fc77e68b9ac</uuid>
        <type>{http://www.appian.com/ae/types/2009}Integer</type>
        <sourceFieldName>idusuario</sourceFieldName>
        <sourceFieldType>INTEGER</sourceFieldType>
        <fieldName>idusuario</fieldName>
        <displayName>Idusuario</displayName>
        <isRecordId>true</isRecordId>
        <isUnique>true</isUnique>
        <isCustomField>false</isCustomField>
        <customFieldExpr/>
        <fieldCalculationType>NA</fieldCalculationType>
        <fieldTemplateType>NA</fieldTemplateType>
        <recordFieldSecurityMembershipFilter/>
        <isIndexable>false</isIndexable>
        <subType>NA</subType>
      </field>
      <field>
        <uuid>698a4bbb-e443-4a39-93f8-0a8759b00f38</uuid>
        <type>{http://www.appian.com/ae/types/2009}Text</type>
        <sourceFieldName>nombre</sourceFieldName>
        <sourceFieldType>VARCHAR(45)</sourceFieldType>
        <fieldName>nombre</fieldName>
        <displayName>Nombre</displayName>
        <isRecordId>false</isRecordId>
        <isUnique>false</isUnique>
        <isCustomField>false</isCustomField>
        <customFieldExpr/>
        <fieldCalculationType>NA</fieldCalculationType>
        <fieldTemplateType>NA</fieldTemplateType>
        <recordFieldSecurityMembershipFilter/>
        <isIndexable>false</isIndexable>
        <subType>NA</subType>
      </field>
      <field>
        <uuid>14ef5e1a-22f0-4fe8-8f3a-4c1c26e77493</uuid>
        <type>{http://www.appian.com/ae/types/2009}Text</type>
        <sourceFieldName>apellidos</sourceFieldName>
        <sourceFieldType>VARCHAR(45)</sourceFieldType>
        <fieldName>apellidos</fieldName>
        <displayName>Apellidos</displayName>
        <isRecordId>false</isRecordId>
        <isUnique>false</isUnique>
        <isCustomField>false</isCustomField>
        <customFieldExpr/>
        <fieldCalculationType>NA</fieldCalculationType>
        <fieldTemplateType>NA</fieldTemplateType>
        <recordFieldSecurityMembershipFilter/>
        <isIndexable>false</isIndexable>
        <subType>NA</subType>
      </field>
      <field>
        <uuid>34a5d4e2-ae6f-4f18-9a72-08a90ce33985</uuid>
        <type>{http://www.appian.com/ae/types/2009}Text</type>
        <sourceFieldName>direccion</sourceFieldName>
        <sourceFieldType>VARCHAR(45)</sourceFieldType>
        <fieldName>direccion</fieldName>
        <displayName>Direccion</displayName>
        <isRecordId>false</isRecordId>
        <isUnique>false</isUnique>
        <isCustomField>false</isCustomField>
        <customFieldExpr/>
        <fieldCalculationType>NA</fieldCalculationType>
        <fieldTemplateType>NA</fieldTemplateType>
        <recordFieldSecurityMembershipFilter/>
        <isIndexable>false</isIndexable>
        <subType>NA</subType>
      </field>
      <uuid>e513fa87-40da-4dbb-8388-e92d4e74d5f7</uuid>
      <refreshSchedule>
        <frequency>DAILY</frequency>
        <value>{"hour":3,"minute":"00","amPM":"AM","timeZone":"GMT","version":"v1"}</value>
        <activated>false</activated>
      </refreshSchedule>
      <skipFailureEnabled>true</skipFailureEnabled>
      <recordIdGeneratorUuid/>
    </a:sourceConfiguration>
    <a:enabledFeatures>255</a:enabledFeatures>
    <a:isVisibleInRecordTypeList>false</a:isVisibleInRecordTypeList>
    <a:recordActionLaunchType>DIALOG</a:recordActionLaunchType>
    <a:showSearchBox>true</a:showSearchBox>
    <a:isVisibleInDataFabric>false</a:isVisibleInDataFabric>
    <a:usesRollingSyncLimit>false</a:usesRollingSyncLimit>
    <a:usesRecoverySync>false</a:usesRecoverySync>
    <a:isScheduledIndexingEnabled>false</a:isScheduledIndexingEnabled>
  </recordType>
  <roleMap>
    <role name="record_type_administrator">
      <users/>
      <groups>
        <groupUuid>6d7dc77d-6a75-4a65-8e80-7da38c715875</groupUuid>
      </groups>
    </role>
    <role name="record_type_viewer">
      <users/>
      <groups>
        <groupUuid>78e7ac7f-f725-46ba-90ba-d70b6fc7fe92</groupUuid>
      </groups>
    </role>
  </roleMap>
  <history>
    <historyInfo versionUuid="8646823b-d042-4c59-90dd-5bbf216d29b0"/>
    <historyInfo versionUuid="8af2b829-b70d-425f-b53d-2c40aa6141ae"/>
  </history>
  <migrationVersion>1</migrationVersion>
</recordTypeHaul>
