<?xml version="1.0" encoding="UTF-8" standalone="yes"?>
<processModelFolderHaul xmlns:a="http://www.appian.com/ae/types/2009">
    <versionUuid>c68aa31a-eb53-42e9-be3f-ebba5bd33f64</versionUuid>
    <processModelFolder>
        <name>Modelos de T</name>
        <uuid>55aa959d-a06d-45b1-880c-bd874fa33370</uuid>
        <description>Carpeta de modelos de procesos para la aplicación TestDO</description>
    </processModelFolder>
    <roleMap>
        <role name="ADMIN_OWNER">
            <users/>
            <groups>
                <groupUuid>0ae3c099-a2e6-4c00-854d-4b51cf0c38db</groupUuid>
            </groups>
        </role>
        <role name="EDITOR">
            <users/>
            <groups/>
        </role>
        <role name="EXPLICIT_NONMEMBER">
            <users/>
            <groups/>
        </role>
        <role name="VIEWER">
            <users/>
            <groups>
                <groupUuid>7427b829-953c-42da-9a7d-f2ba28537e24</groupUuid>
            </groups>
        </role>
        <role name="MANAGER">
            <users/>
            <groups/>
        </role>
        <role name="INITIATOR">
            <users/>
            <groups/>
        </role>
    </roleMap>
    <history>
        <historyInfo versionUuid="c68aa31a-eb53-42e9-be3f-ebba5bd33f64"/>
    </history>
</processModelFolderHaul>
