<?xml version="1.0" encoding="UTF-8" standalone="yes"?>
<processModelFolderHaul xmlns:a="http://www.appian.com/ae/types/2009">
    <versionUuid>_g-0000e5b3-6326-8000-0b44-7f0000014e7a_735</versionUuid>
    <processModelFolder>
        <name>ProcessTest</name>
        <uuid>_g-0000e5b3-6326-8000-0b44-7f0000014e7a_732</uuid>
        <description></description>
    </processModelFolder>
    <roleMap>
        <role name="ADMIN_OWNER">
            <users/>
            <groups/>
        </role>
        <role name="EDITOR">
            <users/>
            <groups/>
        </role>
        <role name="EXPLICIT_NONMEMBER">
            <users/>
            <groups/>
        </role>
        <role name="VIEWER">
            <users/>
            <groups/>
        </role>
        <role name="MANAGER">
            <users/>
            <groups/>
        </role>
        <role name="INITIATOR">
            <users/>
            <groups/>
        </role>
    </roleMap>
    <history>
        <historyInfo versionUuid="_g-0000e5b3-6326-8000-0b44-7f0000014e7a_735"/>
    </history>
</processModelFolderHaul>
