<?xml version="1.0" encoding="UTF-8" standalone="yes"?>
<processModelFolderHaul xmlns:a="http://www.appian.com/ae/types/2009">
    <versionUuid>61ddce40-221b-4fc0-b5d9-8edc6d5d6721</versionUuid>
    <processModelFolder>
        <name>P Process Models1</name>
        <uuid>e9b2313c-216f-41bf-8e62-20bd20e7f481</uuid>
        <description>Stores process models for the application</description>
    </processModelFolder>
    <roleMap>
        <role name="ADMIN_OWNER">
            <users/>
            <groups>
                <groupUuid>3364e15e-a924-4838-94c9-0112112fb952</groupUuid>
            </groups>
        </role>
        <role name="EDITOR">
            <users/>
            <groups/>
        </role>
        <role name="EXPLICIT_NONMEMBER">
            <users/>
            <groups/>
        </role>
        <role name="VIEWER">
            <users/>
            <groups>
                <groupUuid>a669f6c3-447f-4a13-857a-3b71a1e3ef98</groupUuid>
            </groups>
        </role>
        <role name="MANAGER">
            <users/>
            <groups/>
        </role>
        <role name="INITIATOR">
            <users/>
            <groups/>
        </role>
    </roleMap>
    <history>
        <historyInfo versionUuid="61ddce40-221b-4fc0-b5d9-8edc6d5d6721"/>
    </history>
</processModelFolderHaul>
