<?xml version="1.0" encoding="UTF-8" standalone="yes"?>
<contentHaul xmlns:a="http://www.appian.com/ae/types/2009">
    <versionUuid>_a-0000ee9a-0d08-8000-c7d8-22ef9022ef90_16135</versionUuid>
    <folder>
        <name>PMR_Artifacts1</name>
        <uuid>1e7d78d7-b23e-45ef-8a2b-f334adfceab7</uuid>
        <description>Stores application artifacts such as icons and logos</description>
        <parentUuid>f1ac8e9a-86e5-4d74-8bfb-f9c59ff2b015</parentUuid>
        <visibility>
            <advertise>false</advertise>
            <hierarchy>true</hierarchy>
            <indexable>true</indexable>
            <quota>false</quota>
            <searchable>true</searchable>
            <system>false</system>
            <unlogged>false</unlogged>
        </visibility>
    </folder>
    <roleMap public="true">
        <role inherit="true" allowForAll="false" name="readers">
            <users/>
            <groups/>
        </role>
        <role inherit="true" allowForAll="false" name="authors">
            <users/>
            <groups/>
        </role>
        <role inherit="true" allowForAll="false" name="administrators">
            <users/>
            <groups/>
        </role>
        <role inherit="false" allowForAll="false" name="denyReaders">
            <users/>
            <groups/>
        </role>
        <role inherit="false" allowForAll="false" name="denyAuthors">
            <users/>
            <groups/>
        </role>
        <role inherit="false" allowForAll="false" name="denyAdministrators">
            <users/>
            <groups/>
        </role>
    </roleMap>
    <history>
        <historyInfo versionUuid="2b734860-fe29-4060-ae58-0196f2ba7735"/>
        <historyInfo versionUuid="_a-0000ee9a-0d08-8000-c7d8-22ef9022ef90_16135"/>
    </history>
</contentHaul>
