<?xml version="1.0" encoding="UTF-8" standalone="yes"?>
<contentHaul xmlns:a="http://www.appian.com/ae/types/2009">
    <versionUuid>6cecb196-a1c8-4310-a691-783ff5d8d7ab</versionUuid>
    <interface>
        <name>P_DeleteUsuario</name>
        <uuid>543be5ed-5910-4ed8-b180-5e142cb975ba</uuid>
        <description>Form interface for confirming the deletion of a record</description>
        <parentUuid>d14de49e-8c70-42ff-a4f7-48e8e974ab43</parentUuid>
        <visibility>
            <advertise>false</advertise>
            <hierarchy>true</hierarchy>
            <indexable>true</indexable>
            <quota>false</quota>
            <searchable>true</searchable>
            <system>false</system>
            <unlogged>false</unlogged>
        </visibility>
        <definition>#"SYSTEM_SYSRULES_formLayout_v1"(
  label: "Delete Usuario",
  contents: {
    #"SYSTEM_SYSRULES_paragraphField"(
      labelPosition: "COLLAPSED",
      readOnly: true,
      value: "Submitting this form will delete your record. The data will no longer exist."
    )
  },
  buttons: #"SYSTEM_SYSRULES_ButtonLayout"(
    primaryButtons: {
      #"SYSTEM_SYSRULES_buttonWidget_v1"(
        label: "Delete",
        submit: true,
        color: "NEGATIVE",
        style: "GHOST"
      )
    },
    secondaryButtons: {
      #"SYSTEM_SYSRULES_buttonWidget_v1"(
        label: "Cancel",
        style: "OUTLINE",
        value: true,
        submit: true,
        saveInto: ri!cancel,
        validate: false
      )
    }
  )
)
</definition>
        <namedTypedValue>
            <name>cancel</name>
            <type>
                <name>boolean</name>
                <namespace>http://www.w3.org/2001/XMLSchema</namespace>
            </type>
        </namedTypedValue>
        <preferredEditor>interface</preferredEditor>
        <offlineEnabled>false</offlineEnabled>
        <isCustom>false</isCustom>
    </interface>
    <roleMap public="true">
        <role inherit="true" allowForAll="false" name="readers">
            <users/>
            <groups/>
        </role>
        <role inherit="true" allowForAll="false" name="authors">
            <users/>
            <groups/>
        </role>
        <role inherit="true" allowForAll="false" name="administrators">
            <users/>
            <groups/>
        </role>
        <role inherit="false" allowForAll="false" name="denyReaders">
            <users/>
            <groups/>
        </role>
        <role inherit="false" allowForAll="false" name="denyAuthors">
            <users/>
            <groups/>
        </role>
        <role inherit="false" allowForAll="false" name="denyAdministrators">
            <users/>
            <groups/>
        </role>
    </roleMap>
    <history>
        <historyInfo versionUuid="6cecb196-a1c8-4310-a691-783ff5d8d7ab"/>
    </history>
</contentHaul>
