<?xml version="1.0" encoding="UTF-8" standalone="yes"?>
<contentHaul xmlns:a="http://www.appian.com/ae/types/2009">
    <versionUuid>_a-0000ee87-a21d-8000-c7c9-22ef9022ef90_15976</versionUuid>
    <rule>
        <name>P_generateWSDLSecurity</name>
        <uuid>_a-0000ee87-5769-8000-c7c8-22ef9022ef90_15926</uuid>
        <description>Regla para generar la cabecera de seguridad en una llamada a ws</description>
        <parentUuid>d14de49e-8c70-42ff-a4f7-48e8e974ab43</parentUuid>
        <visibility>
            <advertise>false</advertise>
            <hierarchy>true</hierarchy>
            <indexable>true</indexable>
            <quota>false</quota>
            <searchable>true</searchable>
            <system>false</system>
            <unlogged>false</unlogged>
        </visibility>
        <definition>a!localVariables(
  /*Regla para genera la cabceera de seguridad de una peticion soap*/
/*  */
  /*local!nonce: rule!P_generateRandomString(longitud:15),*/
  /*local!fecha: toisodatestring(now()),*/
  
  generatesecurityheader( username: "TDCP", password: "TDCP", length: 16)  
)</definition>
        <namedTypedValue>
            <name>username</name>
            <type>
                <name>string</name>
                <namespace>http://www.w3.org/2001/XMLSchema</namespace>
            </type>
            <value/>
        </namedTypedValue>
        <preferredEditor>legacy</preferredEditor>
        <offlineEnabled>false</offlineEnabled>
    </rule>
    <roleMap public="true">
        <role inherit="true" allowForAll="false" name="readers">
            <users/>
            <groups/>
        </role>
        <role inherit="true" allowForAll="false" name="authors">
            <users/>
            <groups/>
        </role>
        <role inherit="true" allowForAll="false" name="administrators">
            <users/>
            <groups/>
        </role>
        <role inherit="false" allowForAll="false" name="denyReaders">
            <users/>
            <groups/>
        </role>
        <role inherit="false" allowForAll="false" name="denyAuthors">
            <users/>
            <groups/>
        </role>
        <role inherit="false" allowForAll="false" name="denyAdministrators">
            <users/>
            <groups/>
        </role>
    </roleMap>
    <history>
        <historyInfo versionUuid="_a-0000ee87-a21d-8000-c7c9-22ef9022ef90_15976"/>
    </history>
</contentHaul>
