<?xml version="1.0" encoding="UTF-8" standalone="yes"?>
<contentHaul xmlns:a="http://www.appian.com/ae/types/2009">
    <versionUuid>_a-0000ed4c-4d4d-8000-8556-2cef902cef90_7737</versionUuid>
    <interface>
        <name>LIMSCN_Sample</name>
        <uuid>_a-0000ed4c-4d4d-8000-8556-2cef902cef90_7719</uuid>
        <description></description>
        <parentUuid>d14de49e-8c70-42ff-a4f7-48e8e974ab43</parentUuid>
        <visibility>
            <advertise>false</advertise>
            <hierarchy>true</hierarchy>
            <indexable>true</indexable>
            <quota>false</quota>
            <searchable>true</searchable>
            <system>false</system>
            <unlogged>false</unlogged>
        </visibility>
        <definition>a!localVariables(
  local!pickedState,
  local!stateLabels: { "Alabama", "Alaska", "Arizona", "Arkansas", "California", "Colorado", "Connecticut", "Delaware", "Florida", "Georgia", "Hawaii", "Idaho", "Illinois", "Indiana", "Iowa", "Kansas", "Kentucky", "Louisiana", "Maine", "Maryland", "Massachusetts", "Michigan", "Minnesota", "Mississippi", "Missouri", "Montana", "Nebraska", "Nevada", "New Hampshire", "New Jersey", "New Mexico", "New York", "North Carolina", "North Dakota", "Ohio", "Oklahoma", "Oregon", "Pennsylvania", "Rhode Island", "South Carolina", "South Dakota", "Tennessee", "Texas", "Utah", "Vermont", "Virginia", "Washington", "West Virginia", "Wisconsin", "Wyoming" },
  local!stateAbbreviations: { "AL", "AK", "AZ", "AR", "CA", "CO", "CT", "DE", "FL", "GA", "HI", "ID", "IL", "IN", "IA", "KS", "KY", "LA", "ME", "MD", "MA", "MI", "MN", "MS", "MO", "MT", "NE", "NV", "NH", "NJ", "NM", "NY", "NC", "ND", "OH", "OK", "OR", "PA", "RI", "SC", "SD", "TN", "TX", "UT", "VT", "VA", "WA", "WV", "WI", "WY" },

  local!allAddress:{
    ADDRESS_TEXT_ID:local!stateLabels,
    ID:local!stateAbbreviations
  },#"SYSTEM_SYSRULES_pickerFieldCustom"(
    label: "Pick address",
    labelPosition: "ABOVE",
    instructions: "",
    helptooltip: "Start typing address text ID and address containing input string will be shown",
    placeholder: "---Type address text ID ---",
    maxselections: 1,
    suggestFunction: #"_a-0000ed4c-4d4d-8000-8556-2cef902cef90_7707"(
      filter:_ ,
      labels: index(local!allAddress,"ADDRESS_TEXT_ID",null),
      identifiers: index(local!allAddress,"ID",null)
    ),
    selectedLabels: #"SYSTEM_SYSRULES_forEach"(
      items:local!pickedState,
      expression: index(index(local!allAddress,"ADDRESS_TEXT_ID",null), wherecontains(tointeger(fv!item), tointeger(index(local!allAddress,"ID",null))))
    ),

    value:local!pickedState,
    saveInto:local!pickedState,
    validations: {}
  )
)</definition>
        <preferredEditor>interface</preferredEditor>
        <offlineEnabled>false</offlineEnabled>
        <isCustom>false</isCustom>
    </interface>
    <roleMap public="true">
        <role inherit="true" allowForAll="false" name="readers">
            <users/>
            <groups/>
        </role>
        <role inherit="true" allowForAll="false" name="authors">
            <users/>
            <groups/>
        </role>
        <role inherit="true" allowForAll="false" name="administrators">
            <users/>
            <groups/>
        </role>
        <role inherit="false" allowForAll="false" name="denyReaders">
            <users/>
            <groups/>
        </role>
        <role inherit="false" allowForAll="false" name="denyAuthors">
            <users/>
            <groups/>
        </role>
        <role inherit="false" allowForAll="false" name="denyAdministrators">
            <users/>
            <groups/>
        </role>
    </roleMap>
    <history>
        <historyInfo versionUuid="_a-0000ed4c-4d4d-8000-8556-2cef902cef90_7737"/>
    </history>
</contentHaul>
