<?xml version="1.0" encoding="UTF-8" standalone="yes"?>
<contentHaul xmlns:a="http://www.appian.com/ae/types/2009">
    <versionUuid>_a-0000ed4c-4d4d-8000-8556-2cef902cef90_7731</versionUuid>
    <rule>
        <name>LIMSCN_SupplierArrayPickerFilter</name>
        <uuid>_a-0000ed4c-4d4d-8000-8556-2cef902cef90_7707</uuid>
        <description></description>
        <parentUuid>d14de49e-8c70-42ff-a4f7-48e8e974ab43</parentUuid>
        <visibility>
            <advertise>false</advertise>
            <hierarchy>true</hierarchy>
            <indexable>true</indexable>
            <quota>false</quota>
            <searchable>true</searchable>
            <system>false</system>
            <unlogged>false</unlogged>
        </visibility>
        <definition>a!localVariables(
  local!matches: where(
    #"SYSTEM_SYSRULES_forEach"(
      items: ri!labels,
      expression: search( ri!filter, fv!item)
    )
  ),
  #"SYSTEM_SYSRULES_dataSubset"(
    data: index( ri!labels, local!matches),
    identifiers: index( ri!identifiers, local!matches)
  )
)</definition>
        <namedTypedValue>
            <name>filter</name>
            <type>
                <name>Text?list</name>
                <namespace>http://www.appian.com/ae/types/2009</namespace>
            </type>
        </namedTypedValue>
        <namedTypedValue>
            <name>labels</name>
            <type>
                <name>Text?list</name>
                <namespace>http://www.appian.com/ae/types/2009</namespace>
            </type>
        </namedTypedValue>
        <namedTypedValue>
            <name>identifiers</name>
            <type>
                <name>Text?list</name>
                <namespace>http://www.appian.com/ae/types/2009</namespace>
            </type>
        </namedTypedValue>
        <preferredEditor>legacy</preferredEditor>
        <offlineEnabled>false</offlineEnabled>
    </rule>
    <roleMap public="true">
        <role inherit="true" allowForAll="false" name="readers">
            <users/>
            <groups/>
        </role>
        <role inherit="true" allowForAll="false" name="authors">
            <users/>
            <groups/>
        </role>
        <role inherit="true" allowForAll="false" name="administrators">
            <users/>
            <groups/>
        </role>
        <role inherit="false" allowForAll="false" name="denyReaders">
            <users/>
            <groups/>
        </role>
        <role inherit="false" allowForAll="false" name="denyAuthors">
            <users/>
            <groups/>
        </role>
        <role inherit="false" allowForAll="false" name="denyAdministrators">
            <users/>
            <groups/>
        </role>
    </roleMap>
    <history>
        <historyInfo versionUuid="_a-0000ed4c-4d4d-8000-8556-2cef902cef90_7731"/>
    </history>
</contentHaul>
