<?xml version="1.0" encoding="UTF-8" standalone="yes"?>
<contentHaul xmlns:a="http://www.appian.com/ae/types/2009">
    <versionUuid>_a-0000ecf2-a59a-8000-8542-2cef902cef90_7101</versionUuid>
    <rule>
        <name>P_AES_encryptDecrypt</name>
        <uuid>_a-0000ecf2-a59a-8000-8542-2cef902cef90_6991</uuid>
        <description>Regla para hacer pruebas sobre el smart service que se encarga de cifrar y descrifar  usando AES</description>
        <parentUuid>d14de49e-8c70-42ff-a4f7-48e8e974ab43</parentUuid>
        <visibility>
            <advertise>false</advertise>
            <hierarchy>true</hierarchy>
            <indexable>true</indexable>
            <quota>false</quota>
            <searchable>true</searchable>
            <system>false</system>
            <unlogged>false</unlogged>
        </visibility>
        <definition>a!localVariables(
  
  /*Declaraciones locales*/
  local!cadena: "Gañan",
  local!iv: "IVVector",
  local!salt: "SALY",
  local!secretKey: "secretKey",
  
  /*Encriptamos la cadena recibida*/
  local!encripted: encryptvalue( stringToEncrypt: local!cadena,
                algorithm: "AES/CBC/PKCS5Padding",
                secretKey: local!secretKey,
                salt: local!salt,
                vector: local!iv),
  
  /*Desencriptamos los valores*/
  local!decrypt: decryptvalue( stringToDecrypt: local!encripted,
  algorithm: "AES/CBC/PKCS5Padding",
  secretKey: local!secretKey,
  salt: local!salt,
  vector: local!iv),
  
  /*Devolvemos los resultados*/
  local!encripted &amp; char(10) &amp; local!decrypt
                
                
                
  
)</definition>
        <preferredEditor>legacy</preferredEditor>
        <offlineEnabled>false</offlineEnabled>
    </rule>
    <roleMap public="true">
        <role inherit="true" allowForAll="false" name="readers">
            <users/>
            <groups/>
        </role>
        <role inherit="true" allowForAll="false" name="authors">
            <users/>
            <groups/>
        </role>
        <role inherit="true" allowForAll="false" name="administrators">
            <users/>
            <groups/>
        </role>
        <role inherit="false" allowForAll="false" name="denyReaders">
            <users/>
            <groups/>
        </role>
        <role inherit="false" allowForAll="false" name="denyAuthors">
            <users/>
            <groups/>
        </role>
        <role inherit="false" allowForAll="false" name="denyAdministrators">
            <users/>
            <groups/>
        </role>
    </roleMap>
    <history>
        <historyInfo versionUuid="_a-0000ecf2-a59a-8000-8542-2cef902cef90_7101"/>
    </history>
</contentHaul>
