<?xml version="1.0" encoding="UTF-8" standalone="yes"?>
<contentHaul xmlns:a="http://www.appian.com/ae/types/2009">
    <versionUuid>_a-0000ed02-699a-8000-854a-2cef902cef90_7582</versionUuid>
    <interface>
        <name>P_paragraph</name>
        <uuid>_a-0000ed02-699a-8000-854a-2cef902cef90_7555</uuid>
        <description></description>
        <parentUuid>d14de49e-8c70-42ff-a4f7-48e8e974ab43</parentUuid>
        <visibility>
            <advertise>false</advertise>
            <hierarchy>true</hierarchy>
            <indexable>true</indexable>
            <quota>false</quota>
            <searchable>true</searchable>
            <system>false</system>
            <unlogged>false</unlogged>
        </visibility>
        <definition>a!localVariables(
  local!observaciones: "",
  #"SYSTEM_SYSRULES_cardLayout"(
    contents: {
      #"SYSTEM_SYSRULES_columnLayout"(),
      #"SYSTEM_SYSRULES_richTextDisplayField"(
        labelPosition: "COLLAPSED",
        value: {
          #"SYSTEM_SYSRULES_richTextItem_v1"(
            text:
            "Observaciones mercados de operación ",
            /*color: cons!SHARED_COLOR_NEGRO,*/
            size: "STANDARD",
            style: "STRONG"
          ),
          #"SYSTEM_SYSRULES_richTextItem_v1"(
            text: "*",
            /*color: cons!SHARED_COLOR_AZUL,*/
            size: "STANDARD",
            style: "STRONG"
          )
        },
        marginBelow: "NONE"
      ),
      #"SYSTEM_SYSRULES_paragraphField"(
        labelPosition: "ABOVE",
        value: trim(local!observaciones),
        saveInto: local!observaciones,
        refreshAfter: "UNFOCUS",
        characterLimit: 4000,
        height: "MEDIUM",
        required: true,
        requiredMessage: "Debes introducir unas observaciones.",
        validations: {},
        validationGroup: "RequerirSubsanacion"
      ),
      #"SYSTEM_SYSRULES_columnsLayout"(
        columns: {
          #"SYSTEM_SYSRULES_columnLayout"(
            contents: {
              #"SYSTEM_SYSRULES_sectionLayout_v1"()
            }
          )
        }
      ),
      #"SYSTEM_SYSRULES_ButtonLayout"()
    },
  
    style: "STANDARD"
  )
)</definition>
        <preferredEditor>interface</preferredEditor>
        <offlineEnabled>false</offlineEnabled>
        <isCustom>false</isCustom>
    </interface>
    <roleMap public="true">
        <role inherit="true" allowForAll="false" name="readers">
            <users/>
            <groups/>
        </role>
        <role inherit="true" allowForAll="false" name="authors">
            <users/>
            <groups/>
        </role>
        <role inherit="true" allowForAll="false" name="administrators">
            <users/>
            <groups/>
        </role>
        <role inherit="false" allowForAll="false" name="denyReaders">
            <users/>
            <groups/>
        </role>
        <role inherit="false" allowForAll="false" name="denyAuthors">
            <users/>
            <groups/>
        </role>
        <role inherit="false" allowForAll="false" name="denyAdministrators">
            <users/>
            <groups/>
        </role>
    </roleMap>
    <history>
        <historyInfo versionUuid="_a-0000ed02-699a-8000-854a-2cef902cef90_7582"/>
    </history>
</contentHaul>
