<?xml version="1.0" encoding="UTF-8" standalone="yes"?>
<contentHaul xmlns:a="http://www.appian.com/ae/types/2009">
    <versionUuid>_a-0000ee04-cb7e-8000-858b-2cef902cef90_11540</versionUuid>
    <interface>
        <name>P_BPMN_Diagram</name>
        <uuid>_a-0000ee04-cb7e-8000-858b-2cef902cef90_11195</uuid>
        <description>Poc para la generación de diagramas BPMN en base a un xml</description>
        <parentUuid>9c79901b-3fe7-4e9d-9fd3-23e4754ca204</parentUuid>
        <visibility>
            <advertise>false</advertise>
            <hierarchy>true</hierarchy>
            <indexable>true</indexable>
            <quota>false</quota>
            <searchable>true</searchable>
            <system>false</system>
            <unlogged>false</unlogged>
        </visibility>
        <definition>a!localVariables(
  local!resultado,
  
  bpmnDiagramField(
    label: "BPMN diagram",
    disabled: false,
    defaultDiagram: 1805,
    imageStorageConnectedSystem: #"_a-0000ee04-cb7e-8000-858b-2cef902cef90_11354",
    saveAs: "BPMN",
    diagramName: "TestBPMN",
    diagramId: local!resultado
  )
  
)</definition>
        <preferredEditor>interface</preferredEditor>
        <offlineEnabled>false</offlineEnabled>
        <isCustom>false</isCustom>
    </interface>
    <roleMap public="true">
        <role inherit="true" allowForAll="false" name="readers">
            <users/>
            <groups/>
        </role>
        <role inherit="true" allowForAll="false" name="authors">
            <users/>
            <groups/>
        </role>
        <role inherit="true" allowForAll="false" name="administrators">
            <users/>
            <groups/>
        </role>
        <role inherit="false" allowForAll="false" name="denyReaders">
            <users/>
            <groups/>
        </role>
        <role inherit="false" allowForAll="false" name="denyAuthors">
            <users/>
            <groups/>
        </role>
        <role inherit="false" allowForAll="false" name="denyAdministrators">
            <users/>
            <groups/>
        </role>
    </roleMap>
    <history>
        <historyInfo versionUuid="_a-0000ee04-cb7e-8000-858b-2cef902cef90_11540"/>
    </history>
</contentHaul>
