<?xml version="1.0" encoding="UTF-8" standalone="yes"?>
<contentHaul xmlns:a="http://www.appian.com/ae/types/2009">
    <versionUuid>_a-0000ee87-5769-8000-c7c8-22ef9022ef90_15943</versionUuid>
    <rule>
        <name>P_generateRandomString</name>
        <uuid>_a-0000ee87-5769-8000-c7c8-22ef9022ef90_15932</uuid>
        <description>Regla para generar un string random de n posiciones
</description>
        <parentUuid>d14de49e-8c70-42ff-a4f7-48e8e974ab43</parentUuid>
        <visibility>
            <advertise>false</advertise>
            <hierarchy>true</hierarchy>
            <indexable>true</indexable>
            <quota>false</quota>
            <searchable>true</searchable>
            <system>false</system>
            <unlogged>false</unlogged>
        </visibility>
        <definition>a!localVariables(
  /*Regla para generar un string aleatorio de n posiciones*/
  joinarray(
    char(
      #"SYSTEM_SYSRULES_forEach"(
        items: enumerate(ri!longitud),
        expression: a!localVariables(
          local!charSet: {
            33 + tointeger(rand() * (90 - 33)),
            97 + tointeger(rand() * (122 - 97)),
          },
          local!charSet[1 + tointeger(rand() * (2 - 1))]
        )
      )
    )
  )

)</definition>
        <namedTypedValue>
            <name>longitud</name>
            <type>
                <name>int</name>
                <namespace>http://www.w3.org/2001/XMLSchema</namespace>
            </type>
        </namedTypedValue>
        <preferredEditor>legacy</preferredEditor>
        <offlineEnabled>false</offlineEnabled>
    </rule>
    <roleMap public="true">
        <role inherit="true" allowForAll="false" name="readers">
            <users/>
            <groups/>
        </role>
        <role inherit="true" allowForAll="false" name="authors">
            <users/>
            <groups/>
        </role>
        <role inherit="true" allowForAll="false" name="administrators">
            <users/>
            <groups/>
        </role>
        <role inherit="false" allowForAll="false" name="denyReaders">
            <users/>
            <groups/>
        </role>
        <role inherit="false" allowForAll="false" name="denyAuthors">
            <users/>
            <groups/>
        </role>
        <role inherit="false" allowForAll="false" name="denyAdministrators">
            <users/>
            <groups/>
        </role>
    </roleMap>
    <history>
        <historyInfo versionUuid="_a-0000ee87-5769-8000-c7c8-22ef9022ef90_15943"/>
    </history>
</contentHaul>
