<?xml version="1.0" encoding="UTF-8" standalone="yes"?>
<contentHaul xmlns:a="http://www.appian.com/ae/types/2009">
    <versionUuid>a5103a45-a3fa-4b5a-bc89-9e9fc8f277ab</versionUuid>
    <interface>
        <name>P_CreateOrUpdateUsuario</name>
        <uuid>e08a898f-4766-474a-9815-7ad8b42eb9d0</uuid>
        <description>Form interface for creating or updating Usuarios as an action</description>
        <parentUuid>d14de49e-8c70-42ff-a4f7-48e8e974ab43</parentUuid>
        <visibility>
            <advertise>false</advertise>
            <hierarchy>true</hierarchy>
            <indexable>true</indexable>
            <quota>false</quota>
            <searchable>true</searchable>
            <system>false</system>
            <unlogged>false</unlogged>
        </visibility>
        <definition>#"SYSTEM_SYSRULES_formLayout_v1"(
  label: if(
    ri!isUpdate,
    "Update Usuario",
    "Create Usuario"
  ),
  contents: {
    #"SYSTEM_SYSRULES_columnsLayout"(
      columns: {
        #"SYSTEM_SYSRULES_columnLayout"(
          contents: {
            #"SYSTEM_SYSRULES_textField"(
              label: "Nombre",
              labelPosition: "ABOVE",
              required: false,
              value: ri!record[#"urn:appian:record-field:v1:a6235fc2-4b48-44eb-b86d-4b4cbe2fda48/698a4bbb-e443-4a39-93f8-0a8759b00f38"],
              saveInto: ri!record[#"urn:appian:record-field:v1:a6235fc2-4b48-44eb-b86d-4b4cbe2fda48/698a4bbb-e443-4a39-93f8-0a8759b00f38"],
              characterLimit: 45
            ),
            #"SYSTEM_SYSRULES_textField"(
              label: "Direccion",
              labelPosition: "ABOVE",
              required: false,
              value: ri!record[#"urn:appian:record-field:v1:a6235fc2-4b48-44eb-b86d-4b4cbe2fda48/34a5d4e2-ae6f-4f18-9a72-08a90ce33985"],
              saveInto: ri!record[#"urn:appian:record-field:v1:a6235fc2-4b48-44eb-b86d-4b4cbe2fda48/34a5d4e2-ae6f-4f18-9a72-08a90ce33985"],
              characterLimit: 45
            )
          }
        ),
        #"SYSTEM_SYSRULES_columnLayout"(
          contents: {
            #"SYSTEM_SYSRULES_textField"(
              label: "Apellidos",
              labelPosition: "ABOVE",
              required: false,
              value: ri!record[#"urn:appian:record-field:v1:a6235fc2-4b48-44eb-b86d-4b4cbe2fda48/14ef5e1a-22f0-4fe8-8f3a-4c1c26e77493"],
              saveInto: ri!record[#"urn:appian:record-field:v1:a6235fc2-4b48-44eb-b86d-4b4cbe2fda48/14ef5e1a-22f0-4fe8-8f3a-4c1c26e77493"],
              characterLimit: 45
            )
          }
        )
      }
    )
  },
  buttons: #"SYSTEM_SYSRULES_ButtonLayout"(
    primaryButtons: {
      #"SYSTEM_SYSRULES_buttonWidget_v1"(
        label: if(ri!isUpdate, "Save", "Create"),
        submit: true,
        validate: true,
        style: "SOLID"
      )
    },
    secondaryButtons: {
      #"SYSTEM_SYSRULES_buttonWidget_v1"(
        label: "Cancel",
        value: true,
        saveInto: ri!cancel,
        submit: true,
        style: "OUTLINE",
        validate: false
      )
    }
  )
)</definition>
        <namedTypedValue>
            <name>record</name>
            <type>
                <name>a6235fc2-4b48-44eb-b86d-4b4cbe2fda48</name>
                <namespace>urn:com:appian:recordtype:datatype</namespace>
            </type>
        </namedTypedValue>
        <namedTypedValue>
            <name>cancel</name>
            <type>
                <name>boolean</name>
                <namespace>http://www.w3.org/2001/XMLSchema</namespace>
            </type>
        </namedTypedValue>
        <namedTypedValue>
            <name>isUpdate</name>
            <description>Tracks whether this form is being used to create a new record or update an existing one</description>
            <type>
                <name>boolean</name>
                <namespace>http://www.w3.org/2001/XMLSchema</namespace>
            </type>
        </namedTypedValue>
        <preferredEditor>interface</preferredEditor>
        <offlineEnabled>false</offlineEnabled>
        <isCustom>false</isCustom>
    </interface>
    <roleMap public="true">
        <role inherit="true" allowForAll="false" name="readers">
            <users/>
            <groups/>
        </role>
        <role inherit="true" allowForAll="false" name="authors">
            <users/>
            <groups/>
        </role>
        <role inherit="true" allowForAll="false" name="administrators">
            <users/>
            <groups/>
        </role>
        <role inherit="false" allowForAll="false" name="denyReaders">
            <users/>
            <groups/>
        </role>
        <role inherit="false" allowForAll="false" name="denyAuthors">
            <users/>
            <groups/>
        </role>
        <role inherit="false" allowForAll="false" name="denyAdministrators">
            <users/>
            <groups/>
        </role>
    </roleMap>
    <history>
        <historyInfo versionUuid="a5103a45-a3fa-4b5a-bc89-9e9fc8f277ab"/>
    </history>
</contentHaul>
