<?xml version="1.0" encoding="UTF-8" standalone="yes"?>
<contentHaul xmlns:a="http://www.appian.com/ae/types/2009">
    <versionUuid>_a-0000ee9a-0d08-8000-c7d8-22ef9022ef90_16140</versionUuid>
    <communityKnowledgeCenter>
        <name>PMR Knowledge Center1</name>
        <uuid>f1ac8e9a-86e5-4d74-8bfb-f9c59ff2b015</uuid>
        <description>Stores document folders and files for the application</description>
        <parentUuid>SYSTEM_COMMUNITY_ROOT</parentUuid>
        <visibility>
            <advertise>true</advertise>
            <hierarchy>true</hierarchy>
            <indexable>true</indexable>
            <quota>false</quota>
            <searchable>true</searchable>
            <system>false</system>
            <unlogged>false</unlogged>
        </visibility>
        <expirationDays>0</expirationDays>
    </communityKnowledgeCenter>
    <roleMap public="true">
        <role inherit="false" allowForAll="false" name="readers">
            <users/>
            <groups>
                <groupUuid>a669f6c3-447f-4a13-857a-3b71a1e3ef98</groupUuid>
            </groups>
        </role>
        <role inherit="false" allowForAll="false" name="authors">
            <users/>
            <groups/>
        </role>
        <role inherit="false" allowForAll="false" name="administrators">
            <users/>
            <groups>
                <groupUuid>3364e15e-a924-4838-94c9-0112112fb952</groupUuid>
            </groups>
        </role>
        <role inherit="false" allowForAll="false" name="denyReaders">
            <users/>
            <groups/>
        </role>
        <role inherit="false" allowForAll="false" name="denyAuthors">
            <users/>
            <groups/>
        </role>
        <role inherit="false" allowForAll="false" name="denyAdministrators">
            <users/>
            <groups/>
        </role>
    </roleMap>
    <history>
        <historyInfo versionUuid="032c2ba9-1edf-4d03-b628-ce31d8817099"/>
        <historyInfo versionUuid="_a-0000ee9a-0d08-8000-c7d8-22ef9022ef90_16140"/>
    </history>
</contentHaul>
