<?xml version="1.0" encoding="UTF-8" standalone="yes"?>
<connectedSystemHaul xmlns:a="http://www.appian.com/ae/types/2009">
    <versionUuid>_a-0000ee04-cb7e-8000-858b-2cef902cef90_11436</versionUuid>
    <connectedSystem>
        <name>P _bpmnConnectedSystem</name>
        <uuid>_a-0000ee04-cb7e-8000-858b-2cef902cef90_11219</uuid>
        <description>Connected System para el guardado de documentos en formato imagen</description>
        <visibility>
            <advertise>false</advertise>
            <hierarchy>true</hierarchy>
            <indexable>true</indexable>
            <quota>false</quota>
            <searchable>true</searchable>
            <system>false</system>
            <unlogged>false</unlogged>
        </visibility>
        <sharedConfigParameters>
            <a:Dictionary xmlns:xsd="http://www.w3.org/2001/XMLSchema" xmlns:xsi="http://www.w3.org/2001/XMLSchema-instance">
                <configurationDescriptor xsi:type="a:Dictionary">
                    <types xsi:type="a:Dictionary">
                        <RootType xsi:type="a:Dictionary">
                            <properties xsi:type="a:Dictionary?list">
<item>
    <description xsi:nil="true" xsi:type="a:Null"/>
    <refresh xsi:type="xsd:string">NEVER</refresh>
    <placeholder xsi:nil="true" xsi:type="a:Null"/>
    <isImportCustomizable xsi:type="xsd:boolean">false</isImportCustomizable>
    <instructionText xsi:type="xsd:string">Folder UUID where the document is stored in the Appian</instructionText>
    <isExpressionable xsi:type="xsd:boolean">false</isExpressionable>
    <label xsi:type="xsd:string">Upload Folder UUID</label>
    <isRequired xsi:type="xsd:boolean">true</isRequired>
    <displayHint xsi:type="xsd:string">NORMAL</displayHint>
    <hasTransientChoices xsi:type="xsd:boolean">false</hasTransientChoices>
    <key xsi:type="xsd:string">uploadFolderUuid</key>
    <isHidden xsi:type="xsd:boolean">false</isHidden>
    <isMasked xsi:type="xsd:boolean">false</isMasked>
    <isReadOnly xsi:type="xsd:boolean">false</isReadOnly>
    <type xsi:type="xsd:string">STRING</type>
</item>
<item>
    <description xsi:nil="true" xsi:type="a:Null"/>
    <refresh xsi:type="xsd:string">NEVER</refresh>
    <placeholder xsi:nil="true" xsi:type="a:Null"/>
    <isImportCustomizable xsi:type="xsd:boolean">false</isImportCustomizable>
    <instructionText xsi:type="xsd:string">Document uploaded will be shown as created by this Appian user</instructionText>
    <isExpressionable xsi:type="xsd:boolean">false</isExpressionable>
    <label xsi:type="xsd:string">Upload document as User</label>
    <isRequired xsi:type="xsd:boolean">true</isRequired>
    <displayHint xsi:type="xsd:string">NORMAL</displayHint>
    <hasTransientChoices xsi:type="xsd:boolean">false</hasTransientChoices>
    <key xsi:type="xsd:string">uploadImageAs</key>
    <isHidden xsi:type="xsd:boolean">false</isHidden>
    <isMasked xsi:type="xsd:boolean">false</isMasked>
    <isReadOnly xsi:type="xsd:boolean">false</isReadOnly>
    <type xsi:type="xsd:string">STRING</type>
</item>
                            </properties>
                            <name xsi:type="xsd:string">RootType</name>
                        </RootType>
                    </types>
                    <state xsi:type="a:Dictionary">
                        <a:entry key="#t" xsi:type="xsd:string">#/types/RootType</a:entry>
                        <uploadImageAs xsi:type="xsd:string">djcalleja</uploadImageAs>
                        <uploadFolderUuid xsi:type="xsd:string">122f9021-946e-4181-bf97-e25bb93d732c</uploadFolderUuid>
                    </state>
                    <connectedSystemTemplateKey xsi:type="xsd:string">DocumentStorageCSP</connectedSystemTemplateKey>
                </configurationDescriptor>
                <url xsi:type="xsd:string"/>
                <isInheritedUrlOptionSelected xsi:type="xsd:boolean">false</isInheritedUrlOptionSelected>
                <isCstOAuth xsi:type="xsd:boolean">false</isCstOAuth>
                <authType xsi:type="xsd:string">CSTF Auth</authType>
                <authDetails xsi:type="a:Variant?list"/>
            </a:Dictionary>
        </sharedConfigParameters>
        <logoChoice></logoChoice>
        <integrationType>plugin.[com.vuram.documentstorage.csp].[DocumentStorageCSP]</integrationType>
    </connectedSystem>
    <roleMap public="true">
        <role inherit="false" allowForAll="false" name="readers">
            <users/>
            <groups>
                <groupUuid>a669f6c3-447f-4a13-857a-3b71a1e3ef98</groupUuid>
            </groups>
        </role>
        <role inherit="false" allowForAll="false" name="authors">
            <users/>
            <groups/>
        </role>
        <role inherit="false" allowForAll="false" name="administrators">
            <users/>
            <groups>
                <groupUuid>3364e15e-a924-4838-94c9-0112112fb952</groupUuid>
            </groups>
        </role>
        <role inherit="false" allowForAll="false" name="denyReaders">
            <users/>
            <groups/>
        </role>
        <role inherit="false" allowForAll="false" name="denyAuthors">
            <users/>
            <groups/>
        </role>
        <role inherit="false" allowForAll="false" name="denyAdministrators">
            <users/>
            <groups/>
        </role>
    </roleMap>
    <history>
        <historyInfo versionUuid="_a-0000ee04-cb7e-8000-858b-2cef902cef90_11436"/>
    </history>
</connectedSystemHaul>
