<?xml version="1.0" encoding="UTF-8" standalone="yes"?>
<processModelFolderHaul xmlns:a="http://www.appian.com/ae/types/2009">
    <versionUuid>_g-0000e8a7-882a-8000-385d-014d98014d98_74</versionUuid>
    <processModelFolder>
        <name>P Process Models</name>
        <uuid>_g-0000e75e-fc03-8000-3446-014d98014d98_13</uuid>
        <description></description>
    </processModelFolder>
    <roleMap>
        <role name="ADMIN_OWNER">
            <users>
                <userUuid>alberto.saavedrag@inetum.com</userUuid>
            </users>
            <groups/>
        </role>
        <role name="EDITOR">
            <users/>
            <groups/>
        </role>
        <role name="EXPLICIT_NONMEMBER">
            <users/>
            <groups/>
        </role>
        <role name="VIEWER">
            <users/>
            <groups/>
        </role>
        <role name="MANAGER">
            <users/>
            <groups/>
        </role>
        <role name="INITIATOR">
            <users/>
            <groups/>
        </role>
    </roleMap>
    <history>
        <historyInfo versionUuid="_g-0000e75e-fc03-8000-3446-014d98014d98_16"/>
        <historyInfo versionUuid="_g-0000e8a7-882a-8000-385d-014d98014d98_74"/>
    </history>
</processModelFolderHaul>
