<?xml version="1.0" encoding="UTF-8" standalone="yes"?>
<groupHaul xmlns:a="http://www.appian.com/ae/types/2009">
    <versionUuid>_e-0000ee9a-0d08-8000-cd08-221e94221e94_110</versionUuid>
    <group>
        <name>PMR_Administrators1</name>
        <securityMap>SECURITYMAP_TEAM</securityMap>
        <uuid>3364e15e-a924-4838-94c9-0112112fb952</uuid>
        <groupTypeUuid>SYSTEM_GROUP_TYPE_CUSTOM</groupTypeUuid>
        <description>Assigns Administrator permissions to users for objects in the application</description>
        <delegatedCreation>false</delegatedCreation>
        <memberPolicy>MEMBERPOLICY_CLOSED</memberPolicy>
        <viewingPolicy>VIEWINGPOLICY_LOW</viewingPolicy>
        <attributes/>
    </group>
    <members>
        <users/>
        <groups/>
    </members>
    <admins>
        <users/>
        <groups>
            <groupUuid>3364e15e-a924-4838-94c9-0112112fb952</groupUuid>
        </groups>
    </admins>
    <ruleSet/>
    <history>
        <historyInfo versionUuid="3364e15e-a924-4838-94c9-0112112fb952"/>
        <historyInfo versionUuid="_e-0000ee9a-0d08-8000-cd08-221e94221e94_110"/>
    </history>
</groupHaul>
