<?xml version="1.0" encoding="UTF-8" standalone="yes"?>
<groupHaul xmlns:a="http://www.appian.com/ae/types/2009">
    <versionUuid>78e7ac7f-f725-46ba-90ba-d70b6fc7fe92</versionUuid>
    <group>
        <name>P Users</name>
        <securityMap>SECURITYMAP_TEAM</securityMap>
        <uuid>78e7ac7f-f725-46ba-90ba-d70b6fc7fe92</uuid>
        <groupTypeUuid>SYSTEM_GROUP_TYPE_CUSTOM</groupTypeUuid>
        <description>Assigns Viewer permissions to users for objects in the application</description>
        <delegatedCreation>false</delegatedCreation>
        <memberPolicy>MEMBERPOLICY_CLOSED</memberPolicy>
        <viewingPolicy>VIEWINGPOLICY_LOW</viewingPolicy>
        <attributes/>
    </group>
    <members>
        <users/>
        <groups>
            <groupUuid>6d7dc77d-6a75-4a65-8e80-7da38c715875</groupUuid>
        </groups>
    </members>
    <admins>
        <users/>
        <groups>
            <groupUuid>6d7dc77d-6a75-4a65-8e80-7da38c715875</groupUuid>
        </groups>
    </admins>
    <ruleSet/>
    <history>
        <historyInfo versionUuid="78e7ac7f-f725-46ba-90ba-d70b6fc7fe92"/>
    </history>
</groupHaul>
