<?xml version="1.0" encoding="UTF-8"?>
<siteHaul xmlns:a="http://www.appian.com/ae/types/2009" xmlns:xsi="http://www.w3.org/2001/XMLSchema-instance">
  <versionUuid>2cd8917f-7e10-4d7b-b8b8-1a5ad34e5733</versionUuid>
  <site a:uuid="7c5c3a39-f4ea-47fe-847b-2542f7a13b33" name="P-sample">
    <description/>
    <urlStub>fitnessetests</urlStub>
    <page a:uuid="a6e14f2a-fffe-47f8-93e6-43909689cbb4">
      <staticName>fitnesse</staticName>
      <description/>
      <urlStub>fitnesse</urlStub>
      <uiObject a:uuid="_a-0000ed02-699a-8000-854a-2cef902cef90_7555" xsi:type="a:ContentFreeformRule"/>
      <iconId>f016</iconId>
      <visibilityExpr>fn!true()</visibilityExpr>
      <pageWidth>WIDE</pageWidth>
      <areUrlParamsEncrypted>true</areUrlParamsEncrypted>
      <autoContextUpdateEnabled>true</autoContextUpdateEnabled>
    </page>
    <visibility>268435456</visibility>
    <faviconRef a:uuid="SYSTEM_CONTENT_SITES_DEFAULT_FAVICON" xsi:type="a:CollaborationDocument"/>
    <logoRef a:uuid="SYSTEM_CONTENT_SITES_DEFAULT_LOGO" xsi:type="a:CollaborationDocument"/>
    <showName>false</showName>
    <tempoLinkVisibility>HIDDEN</tempoLinkVisibility>
    <showRecordNews>true</showRecordNews>
    <tasksInSitesVisibility>HIDDEN</tasksInSitesVisibility>
    <buttonShape>SQUARED</buttonShape>
    <navigationBarStyle>STYLE1</navigationBarStyle>
    <inputShape>SQUARED</inputShape>
    <isSystem>false</isSystem>
    <displayName>FitnesseTests</displayName>
    <isStaticDisplayName>true</isStaticDisplayName>
    <nameExprIsEvaluable>true</nameExprIsEvaluable>
    <primaryNavLayoutType>TOPBAR</primaryNavLayoutType>
    <buttonLabelCase>UPPERCASE</buttonLabelCase>
    <dialogShape>SQUARED</dialogShape>
  </site>
  <roleMap>
    <role name="site_administrator">
      <users/>
      <groups>
        <groupUuid>6d7dc77d-6a75-4a65-8e80-7da38c715875</groupUuid>
      </groups>
    </role>
    <role name="site_viewer">
      <users/>
      <groups>
        <groupUuid>78e7ac7f-f725-46ba-90ba-d70b6fc7fe92</groupUuid>
      </groups>
    </role>
  </roleMap>
  <history>
    <historyInfo versionUuid="2cd8917f-7e10-4d7b-b8b8-1a5ad34e5733"/>
  </history>
</siteHaul>
