<?xml version="1.0" encoding="UTF-8" standalone="yes"?>
<contentHaul xmlns:a="http://www.appian.com/ae/types/2009">
    <versionUuid>_a-0000e93a-32c6-8000-9bf7-011c48011c48_1375190</versionUuid>
    <interface>
        <name>D_HomeAENA</name>
        <uuid>_a-0000e93a-32c6-8000-9bf7-011c48011c48_1375098</uuid>
        <description>Interface Home de AENA</description>
        <parentUuid>23f43b9b-3845-44c3-9f4e-3b5b61031d3b</parentUuid>
        <visibility>
            <advertise>false</advertise>
            <hierarchy>true</hierarchy>
            <indexable>true</indexable>
            <quota>false</quota>
            <searchable>true</searchable>
            <system>false</system>
            <unlogged>false</unlogged>
        </visibility>
        <definition>a!localVariables(
  local!category,
  local!searchTerm,
  local!search: false,
  local!favorites:
  /* This variable would normally be retrieved with a rule like rule!getMyRecentHelpTopics(loggedinuser()). */
  {
    a!map(icon: "briefcase", title: "Request Time Off", linkUrl: ""),
    a!map(icon: "user", title: "Karen Walton (Benefits Coordinator)", linkUrl: ""),
    a!map(icon: "file", title: "401(k) Policy Updates", linkUrl: ""),
    a!map(icon: "check-square", title: "Submit An IT Service Desk Case", linkUrl: "")
  },
  local!helpfulLinks:
  /* This variable would normally be retrieved with a rule like rule!getPopularHelpTopics(). */
  {
    a!map(icon: "user", title: "Mischa Franklin (Facilities Manager)", linkUrl: ""),
    a!map(icon: "money", title: "Submit Expense Report", linkUrl: ""),
    a!map(icon: "check-square", title: "Submit An IT Service Desk Case", linkUrl: "", isNew: true),
    a!map(icon: "external-link", title: "Time Management System", linkUrl: "")
  },
  #"SYSTEM_SYSRULES_headerContentLayout"(
    header: #"SYSTEM_SYSRULES_billboardLayout_v1"(
      backgroundColor :"#222A35" ,
      height: "EXTRA_SHORT",
      marginBelow: "NONE",
      overlay: #"SYSTEM_SYSRULES_barOverlay"(
        position: "TOP",
        contents: {
          #"SYSTEM_SYSRULES_richTextDisplayField"(
            labelPosition: "COLLAPSED",
            value: {
              #"SYSTEM_SYSRULES_richTextItem_v1"(text: {"Responsable de empresa, " &amp; user(loggedinuser(), "firstName") &amp; "."}, size: "MEDIUM"),
              char(10)
            },
            align: "RIGHT"
          )
        },
        style: "DARK"
      )
    ),
    contents: #"SYSTEM_SYSRULES_columnsLayout"(
      columns: {
        #"SYSTEM_SYSRULES_columnLayout"(
          contents: {
            /* If you haven't clicked on a card, show the search */
            if(
              isnull(local!category),
              {

                /* If you haven't searched, show the cards */
                if(
                  not(local!search),
                  #"SYSTEM_SYSRULES_columnsLayout"(
                    columns: {
                      #"SYSTEM_SYSRULES_columnLayout"(
                        contents: {
                          #"_a-0000e93a-32c6-8000-9bf7-011c48011c48_1373388"()

                        },
                        width: "AUTO"
                      ),
                      #"SYSTEM_SYSRULES_columnLayout"(
                        contents: {
                          #"SYSTEM_SYSRULES_cardLayout"(
                            contents: #"SYSTEM_SYSRULES_richTextDisplayField"(
                              value: {
                                #"SYSTEM_SYSRULES_richTextIcon"(
                                  icon: "book",
                                  color: "ACCENT",
                                  size: "LARGE"
                                ),
                                char(10),
                                #"SYSTEM_SYSRULES_richTextItem_v1"(
                                  text: {"Expedientes"},
                                  size: "LARGE"
                                ),
                                char(10),
                                #"SYSTEM_SYSRULES_richTextItem_v1"(
                                  text: {"Payroll, retirement accounts"},
                                  color: "SECONDARY"
                                )
                              },
                              align: "CENTER"
                            ),
                            /* Setting this variable would be used to navigate to a category of answers */
                            link: #"SYSTEM_SYSRULES_dynamicLink"(saveInto: a!save(local!category, "Finance")),
                            height: "AUTO",
                            marginBelow: "STANDARD"
                          ),
                          #"SYSTEM_SYSRULES_cardLayout"(
                            contents: #"SYSTEM_SYSRULES_richTextDisplayField"(
                              value: {
                                #"SYSTEM_SYSRULES_richTextIcon"(
                                  icon: "user",
                                  color: "ACCENT",
                                  size: "LARGE"
                                ),
                                char(10),
                                #"SYSTEM_SYSRULES_richTextItem_v1"(
                                  text: {"Empleados"},
                                  size: "LARGE"
                                ),
                                char(10),
                                #"SYSTEM_SYSRULES_richTextItem_v1"(
                                  text: {"Expense reports, reimbursement"},
                                  color: "SECONDARY"
                                )
                              },
                              align: "CENTER"
                            ),
                            /* Setting this variable would be used to navigate to a category of answers */
                            link: #"SYSTEM_SYSRULES_dynamicLink"(saveInto: a!save(local!category, "Expenses")),
                            height: "AUTO",
                            marginBelow: "STANDARD"
                          )
                        }
                      ),
                      #"SYSTEM_SYSRULES_columnLayout"(
                        contents: {
                          #"SYSTEM_SYSRULES_cardLayout"(
                            contents: #"SYSTEM_SYSRULES_richTextDisplayField"(
                              value: {
                                #"SYSTEM_SYSRULES_richTextIcon"(
                                  icon: "building-o",
                                  color: "ACCENT",
                                  size: "LARGE"
                                ),
                                char(10),
                                #"SYSTEM_SYSRULES_richTextItem_v1"(
                                  text: {"Empresas"},
                                  size: "LARGE"
                                ),
                                char(10),
                                #"SYSTEM_SYSRULES_richTextItem_v1"(
                                  text: {"Maintenance, supplies, snacks"},
                                  color: "SECONDARY"
                                )
                              },
                              align: "CENTER"
                            ),
                            /* Setting this variable would be used to navigate to a category of answers */
                            link: #"SYSTEM_SYSRULES_dynamicLink"(saveInto: a!save(local!category, "Office")),
                            height: "AUTO",
                            marginBelow: "STANDARD"
                          ),
                          #"SYSTEM_SYSRULES_cardLayout"(
                            contents: #"SYSTEM_SYSRULES_richTextDisplayField"(
                              value: {
                                #"SYSTEM_SYSRULES_richTextIcon"(
                                  icon: "car",
                                  color: "ACCENT",
                                  size: "LARGE"
                                ),
                                char(10),
                                #"SYSTEM_SYSRULES_richTextItem_v1"(
                                  text: {"Vehiculos"},
                                  size: "LARGE"
                                ),
                                char(10),
                                #"SYSTEM_SYSRULES_richTextItem_v1"(
                                  text: {"Hardware, software, network"},
                                  color: "SECONDARY"
                                )
                              },
                              align: "CENTER"
                            ),
                            /* Setting this variable would be used to navigate to a category of answers */
                            link: #"SYSTEM_SYSRULES_dynamicLink"(saveInto: a!save(local!category, "IT")),
                            height: "AUTO",
                            marginBelow: "STANDARD"
                          )
                        }
                      ),
                      #"SYSTEM_SYSRULES_columnLayout"(
                        contents: {
                          #"SYSTEM_SYSRULES_cardLayout"(
                            contents: #"SYSTEM_SYSRULES_richTextDisplayField"(
                              value: {
                                #"SYSTEM_SYSRULES_richTextIcon"(
                                  icon: "calendar",
                                  color: "ACCENT",
                                  size: "LARGE"
                                ),
                                char(10),
                                #"SYSTEM_SYSRULES_richTextItem_v1"(
                                  text: {"Subcontratas"},
                                  size: "LARGE"
                                ),
                                char(10),
                                #"SYSTEM_SYSRULES_richTextItem_v1"(
                                  text: {"Timesheets, PTO"},
                                  color: "SECONDARY"
                                )
                              },
                              align: "CENTER"
                            ),
                            /* Setting this variable would be used to navigate to a category of answers */
                            link: #"SYSTEM_SYSRULES_dynamicLink"(saveInto: a!save(local!category, "Time")),
                            height: "AUTO",
                            marginBelow: "STANDARD"
                          ),
                          #"SYSTEM_SYSRULES_cardLayout"(
                            contents: #"SYSTEM_SYSRULES_richTextDisplayField"(
                              value: {
                                #"SYSTEM_SYSRULES_richTextIcon"(
                                  icon: "edit",
                                  color: "ACCENT",
                                  size: "LARGE"
                                ),
                                char(10),
                                #"SYSTEM_SYSRULES_richTextItem_v1"(
                                  text: {"Solicitudes"},
                                  size: "LARGE"
                                ),
                                char(10),
                                #"SYSTEM_SYSRULES_richTextItem_v1"(
                                  text: {"Insurance"},
                                  color: "SECONDARY"
                                )
                              },
                              align: "CENTER"
                            ),
                            /* Setting this variable would be used to navigate to a category of answers */
                            link: #"SYSTEM_SYSRULES_dynamicLink"(saveInto: a!save(local!category, "Benefits")),
                            height: "AUTO",
                            marginBelow: "STANDARD"
                          )
                        }
                      )
                    }
                  ),
                  {
                    #"SYSTEM_SYSRULES_richTextDisplayField"(
                      labelPosition: "COLLAPSED",
                      value: {
                        #"SYSTEM_SYSRULES_richTextIcon"(
                          icon: "long-arrow-left",
                          link: #"SYSTEM_SYSRULES_dynamicLink"(saveInto: {
                            a!save(local!search, false),
                            a!save(local!searchTerm, ""),
                            a!save(local!category, null)
                          }),
                          linkStyle: "STANDALONE"
                        ),
                        " ",
                        #"SYSTEM_SYSRULES_richTextItem_v1"(
                          text: {"Go Back"},
                          link: #"SYSTEM_SYSRULES_dynamicLink"(saveInto: {
                            a!save(local!search, false),
                            a!save(local!searchTerm, ""),
                            a!save(local!category, null)
                          }),
                          linkStyle: "STANDALONE"
                        )
                      }
                    ),
                    #"SYSTEM_SYSRULES_richTextDisplayField"(
                      labelPosition: "COLLAPSED",
                      value: {
                        #"SYSTEM_SYSRULES_richTextItem_v1"(
                          text: {"Search results would appear here for: " &amp; local!searchTerm},
                          style: "EMPHASIS"
                        )
                      },
                      align: "CENTER"
                    )
                  }
                )
              },
              {
                #"SYSTEM_SYSRULES_richTextDisplayField"(
                  labelPosition: "COLLAPSED",
                  value: {
                    #"SYSTEM_SYSRULES_richTextItem_v1"(
                      text: {"All Categories"},
                      link: #"SYSTEM_SYSRULES_dynamicLink"(saveInto: {
                        a!save(local!search, false),
                        a!save(local!category, null)
                      })
                    ),
                    " / ",
                    local!category
                  }
                ),
                #"SYSTEM_SYSRULES_richTextDisplayField"(
                  labelPosition: "COLLAPSED",
                  value: {
                    #"SYSTEM_SYSRULES_richTextItem_v1"(
                      text: {local!category &amp; " results would appear here"},
                      style: "EMPHASIS"
                    )
                  },
                  align: "CENTER"
                )
              }
            )
          },
          width: "AUTO"
        )
      },
      stackWhen: {
        "PHONE",
        "TABLET_PORTRAIT",
        "TABLET_LANDSCAPE",
        "DESKTOP_NARROW"
      }
    )
  )
)</definition>
        <preferredEditor>interface</preferredEditor>
        <offlineEnabled>false</offlineEnabled>
        <isCustom>false</isCustom>
    </interface>
    <roleMap public="true">
        <role inherit="true" allowForAll="false" name="readers">
            <users/>
            <groups/>
        </role>
        <role inherit="true" allowForAll="false" name="authors">
            <users/>
            <groups/>
        </role>
        <role inherit="true" allowForAll="false" name="administrators">
            <users/>
            <groups/>
        </role>
        <role inherit="false" allowForAll="false" name="denyReaders">
            <users/>
            <groups/>
        </role>
        <role inherit="false" allowForAll="false" name="denyAuthors">
            <users/>
            <groups/>
        </role>
        <role inherit="false" allowForAll="false" name="denyAdministrators">
            <users/>
            <groups/>
        </role>
    </roleMap>
    <history>
        <historyInfo versionUuid="_a-0000e93a-32c6-8000-9bf7-011c48011c48_1375190"/>
    </history>
</contentHaul>
