<?xml version="1.0" encoding="UTF-8" standalone="yes"?>
<contentHaul xmlns:a="http://www.appian.com/ae/types/2009">
    <versionUuid>_a-0000e921-4eff-8000-9bf5-011c48011c48_1288318</versionUuid>
    <rule>
        <name>D_LDAP_SEARCH</name>
        <uuid>_a-0000e921-4eff-8000-9bf5-011c48011c48_1287733</uuid>
        <description></description>
        <parentUuid>23f43b9b-3845-44c3-9f4e-3b5b61031d3b</parentUuid>
        <visibility>
            <advertise>false</advertise>
            <hierarchy>true</hierarchy>
            <indexable>true</indexable>
            <quota>false</quota>
            <searchable>true</searchable>
            <system>false</system>
            <unlogged>false</unlogged>
        </visibility>
        <definition>a!localVariables(
  
  ldapsearch(
    config:{
      scsExternalSystemKey:"LDAPSample",
      usePerUserCredentials:false,
      VLVControlSupported: false,
      url:"ldap://ldap.forumsys.com:389",
      baseDN: "dc=example,dc=com",
      
    },
    searchFilter:"uid=newton,dc=example,dc=com",

   
    
  )
)</definition>
        <preferredEditor>legacy</preferredEditor>
        <offlineEnabled>false</offlineEnabled>
    </rule>
    <roleMap public="true">
        <role inherit="true" allowForAll="false" name="readers">
            <users/>
            <groups/>
        </role>
        <role inherit="true" allowForAll="false" name="authors">
            <users/>
            <groups/>
        </role>
        <role inherit="true" allowForAll="false" name="administrators">
            <users/>
            <groups/>
        </role>
        <role inherit="false" allowForAll="false" name="denyReaders">
            <users/>
            <groups/>
        </role>
        <role inherit="false" allowForAll="false" name="denyAuthors">
            <users/>
            <groups/>
        </role>
        <role inherit="false" allowForAll="false" name="denyAdministrators">
            <users/>
            <groups/>
        </role>
    </roleMap>
    <history>
        <historyInfo versionUuid="_a-0000e921-4eff-8000-9bf5-011c48011c48_1288318"/>
    </history>
</contentHaul>
