<?xml version="1.0" encoding="UTF-8" standalone="yes"?>
<contentHaul xmlns:a="http://www.appian.com/ae/types/2009">
    <versionUuid>_a-0000ea5f-f928-8000-9c03-011c48011c48_1585708</versionUuid>
    <interface>
        <name>D_generateError</name>
        <uuid>_a-0000ea5f-f928-8000-9c03-011c48011c48_1585696</uuid>
        <description></description>
        <parentUuid>23f43b9b-3845-44c3-9f4e-3b5b61031d3b</parentUuid>
        <visibility>
            <advertise>false</advertise>
            <hierarchy>true</hierarchy>
            <indexable>true</indexable>
            <quota>false</quota>
            <searchable>true</searchable>
            <system>false</system>
            <unlogged>false</unlogged>
        </visibility>
        <definition>#"SYSTEM_SYSRULES_formLayout_v1"(
  label: "GEstion de errores",
  contents: {
    #"SYSTEM_SYSRULES_sectionLayout_v1"(
      contents: {}
    ),
    #"SYSTEM_SYSRULES_sectionLayout_v1"(
      label: "Seccion",
      contents: {
        #"SYSTEM_SYSRULES_columnsLayout"(
          columns: {
            #"SYSTEM_SYSRULES_columnLayout"(
              contents: {
                #"SYSTEM_SYSRULES_paragraphField"(
                  value: "Prueba de gestion de errores"
                )
              }
            ),
            #"SYSTEM_SYSRULES_columnLayout"(
              contents: {}
            )
          }
        )
      }
    )
  },
  buttons: #"SYSTEM_SYSRULES_ButtonLayout"(
    primaryButtons: {
      #"SYSTEM_SYSRULES_ButtonWidget"(
        label: "Submit",
        submit: true,
        style: "PRIMARY"
      )
    },
    secondaryButtons: {
      #"SYSTEM_SYSRULES_ButtonWidget"(
        label: "Cancel",
        value: true,
        saveInto: ri!cancel,
        submit: true,
        style: "NORMAL",
        validate: false
      )
    }
  )
)</definition>
        <namedTypedValue>
            <name>cancel</name>
            <type>
                <name>boolean</name>
                <namespace>http://www.w3.org/2001/XMLSchema</namespace>
            </type>
        </namedTypedValue>
        <preferredEditor>interface</preferredEditor>
        <offlineEnabled>false</offlineEnabled>
        <isCustom>false</isCustom>
    </interface>
    <roleMap public="true">
        <role inherit="true" allowForAll="false" name="readers">
            <users/>
            <groups/>
        </role>
        <role inherit="true" allowForAll="false" name="authors">
            <users/>
            <groups/>
        </role>
        <role inherit="true" allowForAll="false" name="administrators">
            <users/>
            <groups/>
        </role>
        <role inherit="false" allowForAll="false" name="denyReaders">
            <users/>
            <groups/>
        </role>
        <role inherit="false" allowForAll="false" name="denyAuthors">
            <users/>
            <groups/>
        </role>
        <role inherit="false" allowForAll="false" name="denyAdministrators">
            <users/>
            <groups/>
        </role>
    </roleMap>
    <history>
        <historyInfo versionUuid="_a-0000ea5f-f928-8000-9c03-011c48011c48_1585708"/>
    </history>
</contentHaul>
