<?xml version="1.0" encoding="UTF-8"?>
<recordTypeHaul xmlns:a="http://www.appian.com/ae/types/2009" xmlns:xsi="http://www.w3.org/2001/XMLSchema-instance">
  <versionUuid>6207e2a8-6202-4e43-bff8-f863edbecbeb</versionUuid>
  <recordType a:uuid="225c0de9-f08e-4fc5-8629-b505b6a38c78" name="CDE Encuesta">
    <a:pluralName>Encuestas</a:pluralName>
    <a:description/>
    <a:urlStub>k_SeHA</a:urlStub>
    <a:source xsi:type="a:RecordsReplica"/>
    <a:listViewTemplateExpr>#"SYSTEM_SYSRULES_recordGridField"(
  columns: {
    #"SYSTEM_SYSRULES_gridColumn"(
      label: "Id Encuesta",
      sortField: #"urn:appian:record-field:v1:225c0de9-f08e-4fc5-8629-b505b6a38c78/bd7cafdb-e1e8-4202-b98f-46f76cc6792c",
      value: fv!row[#"urn:appian:record-field:v1:225c0de9-f08e-4fc5-8629-b505b6a38c78/bd7cafdb-e1e8-4202-b98f-46f76cc6792c"],
      align: "END"
    ),
    #"SYSTEM_SYSRULES_gridColumn"(
      label: "Estadoe Encuesta",
      sortField: #"urn:appian:record-field:v1:225c0de9-f08e-4fc5-8629-b505b6a38c78/ce81e72f-8054-439b-8982-d5588a0dd36c",
      value: fv!row[#"urn:appian:record-field:v1:225c0de9-f08e-4fc5-8629-b505b6a38c78/ce81e72f-8054-439b-8982-d5588a0dd36c"]
    )
  },
  pageSize: 50,
  shadeAlternateRows: true
)</a:listViewTemplateExpr>
    <a:detailViewCfg>
      <a:nameExpr>#"SYSTEM_SYSRULES_rtd_getDefaultSummaryViewName"()</a:nameExpr>
      <a:uiExpr/>
      <a:visibilityExpr>=true()</a:visibilityExpr>
      <a:urlStub>summary</a:urlStub>
      <a:headerExpr/>
      <a:recordActionLaunchType>DIALOG</a:recordActionLaunchType>
      <a:recordUiSecurityType>EXPRESSION</a:recordUiSecurityType>
    </a:detailViewCfg>
    <a:isSystem>false</a:isSystem>
    <a:dataSrcExpr/>
    <a:facetsListExpr/>
    <a:titleExpr>rv!record[#"urn:appian:record-field:v1:225c0de9-f08e-4fc5-8629-b505b6a38c78/bd7cafdb-e1e8-4202-b98f-46f76cc6792c"]</a:titleExpr>
    <a:defaultFiltersExpr/>
    <a:layoutType>GRID</a:layoutType>
    <a:security>16383</a:security>
    <a:hideLatestNews>false</a:hideLatestNews>
    <a:hideNewsView>false</a:hideNewsView>
    <a:hideRelatedActionsView>false</a:hideRelatedActionsView>
    <a:isExportable>true</a:isExportable>
    <a:listViewSrcExpr/>
    <a:recordViewSrcExpr/>
    <a:recordTypeSearchCfg>
      <searchFieldsSrc>DEFAULT</searchFieldsSrc>
      <placeholderSrc>DEFAULT</placeholderSrc>
      <placeholder/>
    </a:recordTypeSearchCfg>
    <a:iconId/>
    <a:listAutoRefreshInterval>0.0</a:listAutoRefreshInterval>
    <a:sourceConfiguration>
      <sourceUuid>CDE_ENCUESTA@jdbc/Appian</sourceUuid>
      <sourceType>RDBMS_TABLE</sourceType>
      <friendlyName>CDE_ENCUESTA</friendlyName>
      <sourceFilterExpr/>
      <field>
        <uuid>bd7cafdb-e1e8-4202-b98f-46f76cc6792c</uuid>
        <type>{http://www.appian.com/ae/types/2009}Integer</type>
        <sourceFieldName>ID_ENCUESTA</sourceFieldName>
        <sourceFieldType>INTEGER</sourceFieldType>
        <fieldName>idEncuesta</fieldName>
        <isRecordId>true</isRecordId>
        <isUnique>true</isUnique>
        <isCustomField>false</isCustomField>
        <customFieldExpr/>
        <fieldCalculationType>NA</fieldCalculationType>
        <fieldTemplateType>NA</fieldTemplateType>
      </field>
      <field>
        <uuid>ce81e72f-8054-439b-8982-d5588a0dd36c</uuid>
        <type>{http://www.appian.com/ae/types/2009}Boolean</type>
        <sourceFieldName>ESTADOE_ENCUESTA</sourceFieldName>
        <sourceFieldType>BIT</sourceFieldType>
        <fieldName>estadoeEncuesta</fieldName>
        <isRecordId>false</isRecordId>
        <isUnique>false</isUnique>
        <isCustomField>false</isCustomField>
        <customFieldExpr/>
        <fieldCalculationType>NA</fieldCalculationType>
        <fieldTemplateType>NA</fieldTemplateType>
      </field>
      <field>
        <uuid>192d52de-3720-46d8-9bca-05b08eea3184</uuid>
        <type>{http://www.appian.com/ae/types/2009}Text</type>
        <sourceFieldName>TEMATICA</sourceFieldName>
        <sourceFieldType>VARCHAR(25)</sourceFieldType>
        <fieldName>tematica</fieldName>
        <isRecordId>false</isRecordId>
        <isUnique>false</isUnique>
        <isCustomField>false</isCustomField>
        <customFieldExpr/>
        <fieldCalculationType>NA</fieldCalculationType>
        <fieldTemplateType>NA</fieldTemplateType>
      </field>
      <joinType>LEFT</joinType>
      <uuid>e8d41010-04ee-4094-a5e6-06ed2328c4b2</uuid>
      <refreshSchedule>
        <frequency>DAILY</frequency>
        <value>{"hour":3,"minute":"00","amPM":"AM","timeZone":"Europe/Madrid","version":"v1"}</value>
        <activated>false</activated>
      </refreshSchedule>
      <skipFailureEnabled>true</skipFailureEnabled>
      <recordIdGeneratorUuid/>
    </a:sourceConfiguration>
    <a:enabledFeatures>63</a:enabledFeatures>
    <a:isVisibleInRecordTypeList>false</a:isVisibleInRecordTypeList>
    <a:recordActionLaunchType>DIALOG</a:recordActionLaunchType>
    <a:showSearchBox>true</a:showSearchBox>
  </recordType>
  <roleMap>
    <role name="record_type_administrator">
      <users/>
      <groups>
        <groupUuid>_e-0000ea3d-efa3-8000-9b4a-01075c01075c_3976</groupUuid>
      </groups>
    </role>
    <role name="record_type_viewer">
      <users/>
      <groups>
        <groupUuid>_e-0000ea3d-efa3-8000-9b4a-01075c01075c_3978</groupUuid>
      </groups>
    </role>
  </roleMap>
  <history>
    <historyInfo versionUuid="6207e2a8-6202-4e43-bff8-f863edbecbeb"/>
  </history>
  <migrationVersion>1</migrationVersion>
</recordTypeHaul>
