<?xml version="1.0" encoding="UTF-8" standalone="yes"?>
<groupHaul xmlns:a="http://www.appian.com/ae/types/2009">
    <versionUuid>_e-0000ea3d-efa3-8000-9b4a-01075c01075c_3977</versionUuid>
    <group>
        <name>CDE ADMINISTRADORES</name>
        <securityMap>SECURITYMAP_TEAM</securityMap>
        <uuid>_e-0000ea3d-efa3-8000-9b4a-01075c01075c_3976</uuid>
        <groupTypeUuid>SYSTEM_GROUP_TYPE_CUSTOM</groupTypeUuid>
        <description></description>
        <delegatedCreation>false</delegatedCreation>
        <memberPolicy>MEMBERPOLICY_CLOSED</memberPolicy>
        <viewingPolicy>VIEWINGPOLICY_LOW</viewingPolicy>
        <attributes/>
    </group>
    <members>
        <users/>
        <groups/>
    </members>
    <admins>
        <users/>
        <groups/>
    </admins>
    <ruleSet/>
    <history>
        <historyInfo versionUuid="_e-0000ea3d-efa3-8000-9b4a-01075c01075c_3977"/>
    </history>
</groupHaul>
