<?xml version="1.0" encoding="UTF-8" standalone="yes"?>
<contentHaul xmlns:a="http://www.appian.com/ae/types/2009">
    <versionUuid>_a-0000e8a7-882a-8000-343c-01ef9001ef90_236584</versionUuid>
    <rulesFolder>
        <name>Test Varios - Objects</name>
        <uuid>_a-0000e668-b124-8000-9bb9-011c48011c48_190019</uuid>
        <description>Para tirar aquí todo lo que creemos de pruebas</description>
        <parentUuid>SYSTEM_RULES_ROOT</parentUuid>
        <visibility>
            <advertise>false</advertise>
            <hierarchy>true</hierarchy>
            <indexable>true</indexable>
            <quota>false</quota>
            <searchable>true</searchable>
            <system>false</system>
            <unlogged>false</unlogged>
        </visibility>
    </rulesFolder>
    <roleMap public="true">
        <role inherit="false" allowForAll="true" name="readers">
            <users/>
            <groups/>
        </role>
        <role inherit="false" allowForAll="true" name="authors">
            <users/>
            <groups/>
        </role>
        <role inherit="false" allowForAll="true" name="administrators">
            <users>
                <userUuid>diego.marcos@inetum.com</userUuid>
            </users>
            <groups/>
        </role>
        <role inherit="false" allowForAll="false" name="denyReaders">
            <users/>
            <groups/>
        </role>
        <role inherit="false" allowForAll="false" name="denyAuthors">
            <users/>
            <groups/>
        </role>
        <role inherit="false" allowForAll="false" name="denyAdministrators">
            <users/>
            <groups/>
        </role>
    </roleMap>
    <history>
        <historyInfo versionUuid="_a-0000e668-b124-8000-9bb9-011c48011c48_192429"/>
        <historyInfo versionUuid="_a-0000e85d-70a7-8000-343c-01ef9001ef90_360407"/>
        <historyInfo versionUuid="_a-0000e8a7-882a-8000-343c-01ef9001ef90_236584"/>
    </history>
</contentHaul>
