<?xml version="1.0" encoding="UTF-8" standalone="yes"?>
<contentHaul xmlns:a="http://www.appian.com/ae/types/2009">
    <versionUuid>_a-0000e85d-70a7-8000-343c-01ef9001ef90_665906</versionUuid>
    <constant>
        <name>P_Estados_Datos_A_Excel</name>
        <uuid>_a-0000e85d-70a7-8000-343c-01ef9001ef90_665656</uuid>
        <description>Lista de estados a recoger para indicar en el excel
NOTA: 00 Estado de parada</description>
        <parentUuid>_a-0000e668-b124-8000-9bb9-011c48011c48_190019</parentUuid>
        <visibility>
            <advertise>false</advertise>
            <hierarchy>true</hierarchy>
            <indexable>true</indexable>
            <quota>false</quota>
            <searchable>true</searchable>
            <system>false</system>
            <unlogged>false</unlogged>
        </visibility>
        <typedValue>
            <type>
                <name>Text?list</name>
                <namespace>http://www.appian.com/ae/types/2009</namespace>
            </type>
            <value>
                <el>03</el>
                <el>05</el>
                <el>02</el>
                <el>78</el>
                <el>06</el>
                <el>44</el>
                <el>04</el>
                <el>01</el>
                <el>55</el>
                <el>56</el>
                <el>08</el>
                <el>83</el>
                <el>16</el>
                <el>50</el>
                <el>81</el>
                <el>24</el>
                <el>73</el>
                <el>30</el>
                <el>46</el>
                <el>28</el>
                <el>32</el>
                <el>29  </el>
                <el>27</el>
                <el>26</el>
                <el>25</el>
                <el>77</el>
                <el>34</el>
                <el>35</el>
                <el>76</el>
                <el>72</el>
                <el>31</el>
                <el>33</el>
                <el>43</el>
                <el>42</el>
                <el>45</el>
                <el>49</el>
                <el>48     </el>
                <el>38</el>
                <el>09</el>
                <el>75</el>
                <el>11</el>
                <el>14</el>
                <el>79</el>
                <el>61</el>
                <el>51</el>
                <el>60</el>
                <el>54</el>
                <el>15</el>
                <el>40</el>
                <el>86</el>
                <el>17</el>
                <el>18</el>
                <el>19</el>
                <el>20</el>
                <el>21</el>
                <el>74</el>
                <el>80</el>
                <el>22</el>
                <el>39</el>
                <el>62</el>
                <el>63</el>
                <el>64</el>
                <el>65</el>
                <el>84</el>
                <el>85</el>
                <el>00</el>
            </value>
        </typedValue>
        <isEnvironmentSpecific>false</isEnvironmentSpecific>
    </constant>
    <roleMap public="true">
        <role inherit="true" allowForAll="false" name="readers">
            <users/>
            <groups/>
        </role>
        <role inherit="true" allowForAll="false" name="authors">
            <users/>
            <groups/>
        </role>
        <role inherit="true" allowForAll="false" name="administrators">
            <users>
                <userUuid>diego.marcos@inetum.com</userUuid>
            </users>
            <groups/>
        </role>
        <role inherit="false" allowForAll="false" name="denyReaders">
            <users/>
            <groups/>
        </role>
        <role inherit="false" allowForAll="false" name="denyAuthors">
            <users/>
            <groups/>
        </role>
        <role inherit="false" allowForAll="false" name="denyAdministrators">
            <users/>
            <groups/>
        </role>
    </roleMap>
    <history>
        <historyInfo versionUuid="_a-0000e85d-70a7-8000-343c-01ef9001ef90_665906"/>
    </history>
</contentHaul>
