<?xml version="1.0" encoding="UTF-8" standalone="yes"?>
<contentHaul xmlns:a="http://www.appian.com/ae/types/2009">
    <versionUuid>_a-0000e8a7-882a-8000-343c-01ef9001ef90_236526</versionUuid>
    <rulesFolder>
        <name>PCarpeta</name>
        <uuid>_a-0000e75e-fc03-8000-33fa-01ef9001ef90_6838</uuid>
        <description></description>
        <parentUuid>SYSTEM_RULES_ROOT</parentUuid>
        <visibility>
            <advertise>false</advertise>
            <hierarchy>true</hierarchy>
            <indexable>true</indexable>
            <quota>false</quota>
            <searchable>true</searchable>
            <system>false</system>
            <unlogged>false</unlogged>
        </visibility>
    </rulesFolder>
    <roleMap public="true">
        <role inherit="false" allowForAll="false" name="readers">
            <users/>
            <groups/>
        </role>
        <role inherit="false" allowForAll="false" name="authors">
            <users/>
            <groups/>
        </role>
        <role inherit="false" allowForAll="false" name="administrators">
            <users>
                <userUuid>diego.marcos@inetum.com</userUuid>
                <userUuid>alberto.saavedrag@inetum.com</userUuid>
            </users>
            <groups/>
        </role>
        <role inherit="false" allowForAll="false" name="denyReaders">
            <users/>
            <groups/>
        </role>
        <role inherit="false" allowForAll="false" name="denyAuthors">
            <users/>
            <groups/>
        </role>
        <role inherit="false" allowForAll="false" name="denyAdministrators">
            <users/>
            <groups/>
        </role>
    </roleMap>
    <history>
        <historyInfo versionUuid="_a-0000e75e-fc03-8000-33fa-01ef9001ef90_6842"/>
        <historyInfo versionUuid="_a-0000e8a7-882a-8000-343c-01ef9001ef90_236526"/>
    </history>
</contentHaul>
