<?xml version="1.0" encoding="UTF-8" standalone="yes"?>
<contentHaul xmlns:a="http://www.appian.com/ae/types/2009">
    <versionUuid>_a-0000e85d-70a7-8000-343c-01ef9001ef90_625648</versionUuid>
    <constant>
        <name>P_entrada_exportar_usuarios</name>
        <uuid>_a-0000e85d-70a7-8000-343c-01ef9001ef90_625028</uuid>
        <description></description>
        <parentUuid>_a-0000e668-b124-8000-9bb9-011c48011c48_190019</parentUuid>
        <visibility>
            <advertise>false</advertise>
            <hierarchy>true</hierarchy>
            <indexable>true</indexable>
            <quota>false</quota>
            <searchable>true</searchable>
            <system>false</system>
            <unlogged>false</unlogged>
        </visibility>
        <typedValue>
            <type>
                <name>DataStoreEntity</name>
                <namespace>http://www.appian.com/ae/types/2009</namespace>
            </type>
            <value a:id="f1eaec89-cc05-44c5-8138-1ea8db2dd2d4@_a-0000e85d-70a7-8000-343c-01ef9001ef90_577780"/>
        </typedValue>
        <isEnvironmentSpecific>false</isEnvironmentSpecific>
    </constant>
    <roleMap public="true">
        <role inherit="true" allowForAll="false" name="readers">
            <users/>
            <groups/>
        </role>
        <role inherit="true" allowForAll="false" name="authors">
            <users/>
            <groups/>
        </role>
        <role inherit="true" allowForAll="false" name="administrators">
            <users>
                <userUuid>diego.marcos@inetum.com</userUuid>
            </users>
            <groups/>
        </role>
        <role inherit="false" allowForAll="false" name="denyReaders">
            <users/>
            <groups/>
        </role>
        <role inherit="false" allowForAll="false" name="denyAuthors">
            <users/>
            <groups/>
        </role>
        <role inherit="false" allowForAll="false" name="denyAdministrators">
            <users/>
            <groups/>
        </role>
    </roleMap>
    <history>
        <historyInfo versionUuid="_a-0000e85d-70a7-8000-343c-01ef9001ef90_625514"/>
        <historyInfo versionUuid="_a-0000e85d-70a7-8000-343c-01ef9001ef90_625648"/>
    </history>
</contentHaul>
