<?xml version="1.0" encoding="UTF-8" standalone="yes"?>
<contentHaul xmlns:a="http://www.appian.com/ae/types/2009">
    <versionUuid>_a-0000e85d-70a7-8000-343c-01ef9001ef90_623811</versionUuid>
    <rule>
        <name>P_cambioEstado</name>
        <uuid>_a-0000e85d-70a7-8000-343c-01ef9001ef90_623784</uuid>
        <description></description>
        <parentUuid>_a-0000e668-b124-8000-9bb9-011c48011c48_190019</parentUuid>
        <visibility>
            <advertise>false</advertise>
            <hierarchy>true</hierarchy>
            <indexable>true</indexable>
            <quota>false</quota>
            <searchable>true</searchable>
            <system>false</system>
            <unlogged>false</unlogged>
        </visibility>
        <definition>#"SYSTEM_SYSRULES_queryEntity_v1"(
  entity: #"_a-0000e85d-70a7-8000-343c-01ef9001ef90_623797",
  query: #"SYSTEM_SYSRULES_query"(
    selection: #"SYSTEM_SYSRULES_querySelection"(
      columns: {
        #"SYSTEM_SYSRULES_queryColumn"(
          field: "idExpediente"
        )
      }
    ),
    logicalExpression: #"SYSTEM_SYSRULES_queryLogicalExpression"(
      operator: "AND",
      filters: {
        #"SYSTEM_SYSRULES_queryFilter"(
          field: "procesado",
          operator: "is null",
          value: null
        ),

      },
      ignoreFiltersWithEmptyValues: true
    ),
    pagingInfo: if(
      #"_a-0000e570-a52b-8000-9ba5-011c48011c48_9851"(value: ri!pagingInfo),
      #"SYSTEM_SYSRULES_pagingInfo"(
        startIndex: 1,
        batchSize: 0,
        sort: #"SYSTEM_SYSRULES_sortInfo"(field: "idExpediente", ascending: true)
      ),
      ri!pagingInfo
    )
  ),
  fetchTotalCount: false
)</definition>
        <namedTypedValue>
            <name>pagingInfo</name>
            <type>
                <name>PagingInfo</name>
                <namespace>http://www.appian.com/ae/types/2009</namespace>
            </type>
        </namedTypedValue>
        <preferredEditor>legacy</preferredEditor>
        <offlineEnabled>false</offlineEnabled>
    </rule>
    <roleMap public="true">
        <role inherit="true" allowForAll="false" name="readers">
            <users/>
            <groups/>
        </role>
        <role inherit="true" allowForAll="false" name="authors">
            <users/>
            <groups/>
        </role>
        <role inherit="true" allowForAll="false" name="administrators">
            <users/>
            <groups/>
        </role>
        <role inherit="false" allowForAll="false" name="denyReaders">
            <users/>
            <groups/>
        </role>
        <role inherit="false" allowForAll="false" name="denyAuthors">
            <users/>
            <groups/>
        </role>
        <role inherit="false" allowForAll="false" name="denyAdministrators">
            <users/>
            <groups/>
        </role>
    </roleMap>
    <history>
        <historyInfo versionUuid="_a-0000e85d-70a7-8000-343c-01ef9001ef90_623811"/>
    </history>
</contentHaul>
