<?xml version="1.0" encoding="UTF-8" standalone="yes"?>
<contentHaul xmlns:a="http://www.appian.com/ae/types/2009">
    <versionUuid>_a-0000e8a7-882a-8000-343c-01ef9001ef90_231368</versionUuid>
    <folder>
        <name>P regfsd</name>
        <uuid>_a-0000e741-16cd-8000-33eb-01ef9001ef90_6907</uuid>
        <description></description>
        <parentUuid>_a-0000e741-16cd-8000-33eb-01ef9001ef90_6898</parentUuid>
        <visibility>
            <advertise>false</advertise>
            <hierarchy>true</hierarchy>
            <indexable>true</indexable>
            <quota>false</quota>
            <searchable>true</searchable>
            <system>false</system>
            <unlogged>false</unlogged>
        </visibility>
    </folder>
    <roleMap public="true">
        <role inherit="true" allowForAll="false" name="readers">
            <users/>
            <groups/>
        </role>
        <role inherit="true" allowForAll="false" name="authors">
            <users/>
            <groups/>
        </role>
        <role inherit="true" allowForAll="false" name="administrators">
            <users/>
            <groups/>
        </role>
        <role inherit="false" allowForAll="false" name="denyReaders">
            <users/>
            <groups/>
        </role>
        <role inherit="false" allowForAll="false" name="denyAuthors">
            <users/>
            <groups/>
        </role>
        <role inherit="false" allowForAll="false" name="denyAdministrators">
            <users/>
            <groups/>
        </role>
    </roleMap>
    <history>
        <historyInfo versionUuid="_a-0000e741-16cd-8000-33eb-01ef9001ef90_6911"/>
        <historyInfo versionUuid="_a-0000e8a7-882a-8000-343c-01ef9001ef90_231368"/>
    </history>
</contentHaul>
