<?xml version="1.0" encoding="UTF-8" standalone="yes"?>
<contentHaul xmlns:a="http://www.appian.com/ae/types/2009">
    <versionUuid>_a-0000e85d-70a7-8000-343c-01ef9001ef90_625625</versionUuid>
    <rule>
        <name>P_IMV_ER_idsEnExportar_usuarios</name>
        <uuid>_a-0000e85d-70a7-8000-343c-01ef9001ef90_625022</uuid>
        <description>devuelve las id de las entradas para hacer un borrado</description>
        <parentUuid>_a-0000e668-b124-8000-9bb9-011c48011c48_190019</parentUuid>
        <visibility>
            <advertise>false</advertise>
            <hierarchy>true</hierarchy>
            <indexable>true</indexable>
            <quota>false</quota>
            <searchable>true</searchable>
            <system>false</system>
            <unlogged>false</unlogged>
        </visibility>
        <definition>a!localVariables(

local!data:#"SYSTEM_SYSRULES_queryEntity_v1"(
  entity: #"_a-0000e85d-70a7-8000-343c-01ef9001ef90_625028",
  query: #"SYSTEM_SYSRULES_query"(
    selection: #"SYSTEM_SYSRULES_querySelection"(
      columns: {
        #"SYSTEM_SYSRULES_queryColumn"(
          field: "idUsuario"
        )
      }
    ),
    pagingInfo: #"SYSTEM_SYSRULES_pagingInfo"(
      startIndex: 1,
      batchSize: -1
    )
  ),
  fetchTotalCount: false
).data,
if(
  #"_a-0000e570-a52b-8000-9ba5-011c48011c48_9851"(local!data)
  ,{},
  local!data.idUsuario
)

)</definition>
        <preferredEditor>legacy</preferredEditor>
        <offlineEnabled>false</offlineEnabled>
    </rule>
    <roleMap public="true">
        <role inherit="true" allowForAll="false" name="readers">
            <users/>
            <groups/>
        </role>
        <role inherit="true" allowForAll="false" name="authors">
            <users/>
            <groups/>
        </role>
        <role inherit="true" allowForAll="false" name="administrators">
            <users>
                <userUuid>diego.marcos@inetum.com</userUuid>
            </users>
            <groups/>
        </role>
        <role inherit="false" allowForAll="false" name="denyReaders">
            <users/>
            <groups/>
        </role>
        <role inherit="false" allowForAll="false" name="denyAuthors">
            <users/>
            <groups/>
        </role>
        <role inherit="false" allowForAll="false" name="denyAdministrators">
            <users/>
            <groups/>
        </role>
    </roleMap>
    <history>
        <historyInfo versionUuid="_a-0000e85d-70a7-8000-343c-01ef9001ef90_625625"/>
    </history>
</contentHaul>
