<?xml version="1.0" encoding="UTF-8" standalone="yes"?>
<contentHaul xmlns:a="http://www.appian.com/ae/types/2009">
    <versionUuid>_a-0000e9e5-cdbb-8000-3444-01ef9001ef90_303224</versionUuid>
    <outboundIntegration>
        <name>P_TraerDatosPRO</name>
        <uuid>abd6d3c7-d3b6-4699-95e1-5972471b67b9</uuid>
        <description></description>
        <parentUuid>_a-0000e668-b124-8000-9bb9-011c48011c48_190019</parentUuid>
        <visibility>
            <advertise>false</advertise>
            <hierarchy>true</hierarchy>
            <indexable>true</indexable>
            <quota>false</quota>
            <searchable>true</searchable>
            <system>false</system>
            <unlogged>false</unlogged>
        </visibility>
        <definition></definition>
        <namedTypedValue>
            <name>estado</name>
            <type>
                <name>string</name>
                <namespace>http://www.w3.org/2001/XMLSchema</namespace>
            </type>
            <value/>
        </namedTypedValue>
        <metadataExpr></metadataExpr>
        <preferredEditor>legacy</preferredEditor>
        <offlineEnabled>false</offlineEnabled>
        <sharedConfigParameters>
            <a:Dictionary xmlns:xsd="http://www.w3.org/2001/XMLSchema" xmlns:xsi="http://www.w3.org/2001/XMLSchema-instance">
                <url xsi:type="a:Expression">#"_a-0000e85d-70a7-8000-343c-01ef9001ef90_665912"</url>
                <isInheritedUrlOptionSelected xsi:type="xsd:boolean">false</isInheritedUrlOptionSelected>
                <relativePath xsi:type="xsd:string"/>
                <authType xsi:type="xsd:string">Basic</authType>
                <authDetails xsi:type="a:OutboundIntegrationAuthBasic">
                    <a:username xsi:type="a:Expression">#"_a-0000e85d-70a7-8000-343c-01ef9001ef90_665732"</a:username>
                    <a:password xsi:type="a:Expression">#"_a-0000e85d-70a7-8000-343c-01ef9001ef90_665737"</a:password>
                    <a:isPreemptive>true</a:isPreemptive>
                </authDetails>
            </a:Dictionary>
        </sharedConfigParameters>
        <configParameters>
            <a:Dictionary xmlns:xsd="http://www.w3.org/2001/XMLSchema" xmlns:xsi="http://www.w3.org/2001/XMLSchema-instance">
                <contentType xsi:type="xsd:string"/>
                <automaticallyConvert xsi:type="xsd:boolean">true</automaticallyConvert>
                <jsonSchema xsi:nil="true" xsi:type="a:NestedChoice?list"/>
                <parameters xsi:type="a:NameValue?list">
                    <item>
                        <a:name>estado</a:name>
                        <a:value xsi:type="a:Expression">ri!estado</a:value>
                    </item>
                </parameters>
                <removeNullOrEmptyJsonFields xsi:type="xsd:boolean">true</removeNullOrEmptyJsonFields>
                <method xsi:type="xsd:string">GET</method>
                <headers xsi:type="a:NameValue?list"/>
                <excludeNullHeaders xsi:type="xsd:boolean">true</excludeNullHeaders>
                <documentConfig xsi:type="xsd:string"/>
                <excludeNullParams xsi:type="xsd:boolean">true</excludeNullParams>
                <featureVersion xsi:type="xsd:int">1</featureVersion>
                <timeout xsi:type="xsd:int">60</timeout>
                <body xsi:type="xsd:string"/>
                <flattenedJsonSchema xsi:nil="true" xsi:type="a:Text?list"/>
            </a:Dictionary>
        </configParameters>
        <isWrite>false</isWrite>
        <integrationType>system.http</integrationType>
        <connectedSystemUuid></connectedSystemUuid>
        <isConnectedSystemConnectionOptionSelected>false</isConnectedSystemConnectionOptionSelected>
        <integrationOutputs>
            <a:Dictionary xmlns:xsd="http://www.w3.org/2001/XMLSchema" xmlns:xsi="http://www.w3.org/2001/XMLSchema-instance">
                <outputs xsi:type="a:IntegrationOutput?list"/>
            </a:Dictionary>
        </integrationOutputs>
        <isRequestResponseLoggingEnabled>false</isRequestResponseLoggingEnabled>
    </outboundIntegration>
    <roleMap public="true">
        <role inherit="true" allowForAll="false" name="readers">
            <users/>
            <groups/>
        </role>
        <role inherit="true" allowForAll="false" name="authors">
            <users/>
            <groups/>
        </role>
        <role inherit="true" allowForAll="false" name="administrators">
            <users/>
            <groups/>
        </role>
        <role inherit="false" allowForAll="false" name="denyReaders">
            <users/>
            <groups/>
        </role>
        <role inherit="false" allowForAll="false" name="denyAuthors">
            <users/>
            <groups/>
        </role>
        <role inherit="false" allowForAll="false" name="denyAdministrators">
            <users/>
            <groups/>
        </role>
    </roleMap>
    <typedValue>
        <type>
            <name>RuleTestConfig?list</name>
            <namespace>http://www.appian.com/ae/types/2009</namespace>
        </type>
        <value>
            <el>
                <a:name/>
                <a:ruleInputTestConfigs>
                    <a:value xmlns:xsd="http://www.w3.org/2001/XMLSchema" xmlns:xsi="http://www.w3.org/2001/XMLSchema-instance" xsi:type="xsd:string"/>
                    <a:nameRef>estado</a:nameRef>
                    <a:id/>
                </a:ruleInputTestConfigs>
                <a:assertions xmlns:xsi="http://www.w3.org/2001/XMLSchema-instance" xsi:nil="true"/>
            </el>
        </value>
    </typedValue>
    <history>
        <historyInfo versionUuid="_a-0000e8a7-882a-8000-343c-01ef9001ef90_286609"/>
        <historyInfo versionUuid="_a-0000e9e5-cdbb-8000-3444-01ef9001ef90_303224"/>
    </history>
</contentHaul>
