<?xml version="1.0" encoding="UTF-8" standalone="yes"?>
<groupHaul xmlns:a="http://www.appian.com/ae/types/2009">
    <versionUuid>a669f6c3-447f-4a13-857a-3b71a1e3ef98</versionUuid>
    <group>
        <name>P Users1</name>
        <securityMap>SECURITYMAP_TEAM</securityMap>
        <uuid>a669f6c3-447f-4a13-857a-3b71a1e3ef98</uuid>
        <groupTypeUuid>SYSTEM_GROUP_TYPE_CUSTOM</groupTypeUuid>
        <description>Assigns Viewer permissions to users for objects in the application</description>
        <delegatedCreation>false</delegatedCreation>
        <memberPolicy>MEMBERPOLICY_CLOSED</memberPolicy>
        <viewingPolicy>VIEWINGPOLICY_LOW</viewingPolicy>
        <attributes/>
    </group>
    <members>
        <users/>
        <groups>
            <groupUuid>3364e15e-a924-4838-94c9-0112112fb952</groupUuid>
        </groups>
    </members>
    <admins>
        <users/>
        <groups>
            <groupUuid>3364e15e-a924-4838-94c9-0112112fb952</groupUuid>
        </groups>
    </admins>
    <ruleSet/>
    <history>
        <historyInfo versionUuid="a669f6c3-447f-4a13-857a-3b71a1e3ef98"/>
    </history>
</groupHaul>
