<?xml version="1.0" encoding="UTF-8" standalone="yes"?>
<applicationHaul xmlns:a="http://www.appian.com/ae/types/2009">
    <versionUuid>_a-0000ea05-cec3-8000-3447-01ef9001ef90_312593</versionUuid>
    <application>
        <name>Pruebas</name>
        <uuid>_a-0000e75e-fc03-8000-33fa-01ef9001ef90_6825</uuid>
        <description></description>
        <parentUuid>SYSTEM_APPLICATIONS_ROOT</parentUuid>
        <visibility>
            <advertise>false</advertise>
            <hierarchy>true</hierarchy>
            <indexable>true</indexable>
            <quota>false</quota>
            <searchable>true</searchable>
            <system>false</system>
            <unlogged>false</unlogged>
        </visibility>
        <urlIdentifier>UIWa2g</urlIdentifier>
        <published>false</published>
        <public>false</public>
        <prefix>P</prefix>
        <associatedObjects>
            <globalIdMap>
                <item>
                    <type>datatype</type>
                    <uuids>
                        <uuid>{urn:com:appian:types:P}P_datosExportar</uuid>
                        <uuid>{urn:com:appian:types:P_Estados}P_Estados</uuid>
                        <uuid>{urn:com:appian:types:PUsuarios}P_Usuarios</uuid>
                    </uuids>
                </item>
                <item>
                    <type>dataStore</type>
                    <uuids>
                        <uuid>_a-0000e85d-70a7-8000-343c-01ef9001ef90_577780</uuid>
                        <uuid>_a-0000e85d-70a7-8000-343c-01ef9001ef90_623613</uuid>
                    </uuids>
                </item>
                <item>
                    <type>user</type>
                    <uuids/>
                </item>
                <item>
                    <type>groupType</type>
                    <uuids/>
                </item>
                <item>
                    <type>group</type>
                    <uuids>
                        <uuid>_e-0000e7ed-de72-8000-3426-011e94011e94_113</uuid>
                    </uuids>
                </item>
                <item>
                    <type>content</type>
                    <uuids>
                        <uuid>_a-0000e75e-fc03-8000-33fa-01ef9001ef90_6838</uuid>
                        <uuid>_a-0000e75e-fc03-8000-33fa-01ef9001ef90_12578</uuid>
                        <uuid>_a-0000e75e-fc03-8000-33fa-01ef9001ef90_12619</uuid>
                        <uuid>_a-0000e75e-fc03-8000-33fa-01ef9001ef90_12631</uuid>
                        <uuid>_a-0000e7fe-f36f-8000-343e-01ef9001ef90_51037</uuid>
                        <uuid>_a-0000e800-4d41-8000-343a-01ef9001ef90_346399</uuid>
                        <uuid>_a-0000e800-4d41-8000-343a-01ef9001ef90_346524</uuid>
                        <uuid>_a-0000e800-4d41-8000-343a-01ef9001ef90_346547</uuid>
                        <uuid>_a-0000e85d-70a7-8000-343c-01ef9001ef90_428051</uuid>
                        <uuid>_a-0000e85d-70a7-8000-343c-01ef9001ef90_428543</uuid>
                        <uuid>_a-0000e85d-70a7-8000-343c-01ef9001ef90_432200</uuid>
                        <uuid>_a-0000e85d-70a7-8000-343c-01ef9001ef90_433324</uuid>
                        <uuid>_a-0000e85d-70a7-8000-343c-01ef9001ef90_432147</uuid>
                        <uuid>_a-0000e741-16cd-8000-33eb-01ef9001ef90_6931</uuid>
                        <uuid>_a-0000e808-f725-8000-3435-01ef9001ef90_213712</uuid>
                        <uuid>_a-0000e741-16cd-8000-33eb-01ef9001ef90_6925</uuid>
                        <uuid>_a-0000e85d-70a7-8000-343c-01ef9001ef90_407087</uuid>
                        <uuid>_a-0000e85d-70a7-8000-343c-01ef9001ef90_432210</uuid>
                        <uuid>_a-0000e741-16cd-8000-33eb-01ef9001ef90_6898</uuid>
                        <uuid>_a-0000e741-16cd-8000-33eb-01ef9001ef90_6919</uuid>
                        <uuid>_a-0000e85d-70a7-8000-343c-01ef9001ef90_432192</uuid>
                        <uuid>_a-0000e741-16cd-8000-33eb-01ef9001ef90_6907</uuid>
                        <uuid>_a-0000e737-b364-8000-9bc5-011c48011c48_635597</uuid>
                        <uuid>_a-0000e668-b124-8000-9bb9-011c48011c48_190019</uuid>
                        <uuid>_a-0000e85d-70a7-8000-343c-01ef9001ef90_575928</uuid>
                        <uuid>_a-0000e85d-70a7-8000-343c-01ef9001ef90_579097</uuid>
                        <uuid>_a-0000e85d-70a7-8000-343c-01ef9001ef90_605870</uuid>
                        <uuid>_a-0000e85d-70a7-8000-343c-01ef9001ef90_578619</uuid>
                        <uuid>_a-0000e85d-70a7-8000-343c-01ef9001ef90_577793</uuid>
                        <uuid>_a-0000e85d-70a7-8000-343c-01ef9001ef90_577798</uuid>
                        <uuid>_a-0000e85d-70a7-8000-343c-01ef9001ef90_575933</uuid>
                        <uuid>_a-0000e85d-70a7-8000-343c-01ef9001ef90_579477</uuid>
                        <uuid>_a-0000e85d-70a7-8000-343c-01ef9001ef90_583740</uuid>
                        <uuid>_a-0000e8a7-882a-8000-343c-01ef9001ef90_266948</uuid>
                        <uuid>abd6d3c7-d3b6-4699-95e1-5972471b67b9</uuid>
                        <uuid>_a-0000e85d-70a7-8000-343c-01ef9001ef90_623703</uuid>
                        <uuid>_a-0000e85d-70a7-8000-343c-01ef9001ef90_623692</uuid>
                        <uuid>_a-0000e85d-70a7-8000-343c-01ef9001ef90_623622</uuid>
                        <uuid>_a-0000e85d-70a7-8000-343c-01ef9001ef90_623629</uuid>
                        <uuid>_a-0000e85d-70a7-8000-343c-01ef9001ef90_623784</uuid>
                        <uuid>_a-0000e85d-70a7-8000-343c-01ef9001ef90_623797</uuid>
                        <uuid>_a-0000e85d-70a7-8000-343c-01ef9001ef90_625028</uuid>
                        <uuid>_a-0000e85d-70a7-8000-343c-01ef9001ef90_625016</uuid>
                        <uuid>_a-0000e85d-70a7-8000-343c-01ef9001ef90_625010</uuid>
                        <uuid>_a-0000e85d-70a7-8000-343c-01ef9001ef90_625058</uuid>
                        <uuid>_a-0000e85d-70a7-8000-343c-01ef9001ef90_625022</uuid>
                        <uuid>_a-0000e85d-70a7-8000-343c-01ef9001ef90_625324</uuid>
                        <uuid>_a-0000e8a7-882a-8000-343c-01ef9001ef90_274096</uuid>
                        <uuid>_a-0000e8a7-882a-8000-343c-01ef9001ef90_274125</uuid>
                        <uuid>_a-0000e85d-70a7-8000-343c-01ef9001ef90_665912</uuid>
                        <uuid>_a-0000e85d-70a7-8000-343c-01ef9001ef90_665737</uuid>
                        <uuid>_a-0000e85d-70a7-8000-343c-01ef9001ef90_665732</uuid>
                        <uuid>_a-0000e85d-70a7-8000-343c-01ef9001ef90_665656</uuid>
                        <uuid>_a-0000e85d-70a7-8000-343c-01ef9001ef90_665844</uuid>
                        <uuid>_a-0000e85d-70a7-8000-343c-01ef9001ef90_665790</uuid>
                        <uuid>943b3de1-d31b-4abb-ac22-e6ec603f7647</uuid>
                        <uuid>_a-0000ea05-cec3-8000-3447-01ef9001ef90_308113</uuid>
                        <uuid>_a-0000ea05-cec3-8000-3447-01ef9001ef90_312584</uuid>
                        <uuid>_a-0000ea05-cec3-8000-3447-01ef9001ef90_312589</uuid>
                    </uuids>
                </item>
                <item>
                    <type>forum</type>
                    <uuids/>
                </item>
                <item>
                    <type>processModelFolder</type>
                    <uuids>
                        <uuid>_g-0000e75e-fc03-8000-3446-014d98014d98_13</uuid>
                        <uuid>_g-0000e85d-70a7-8000-3d69-014d98014d98_97</uuid>
                    </uuids>
                </item>
                <item>
                    <type>processModel</type>
                    <uuids>
                        <uuid>0002e764-6446-8000-353a-014d98014d98</uuid>
                        <uuid>0002e7dd-bd12-8000-3658-014d98014d98</uuid>
                        <uuid>0002e801-6a5b-8000-3777-014d98014d98</uuid>
                        <uuid>0002e848-0ba4-8000-37f2-014d98014d98</uuid>
                        <uuid>0004e84d-64f6-8000-3c54-014d98014d98</uuid>
                        <uuid>001ae84d-565c-8000-3c4a-014d98014d98</uuid>
                        <uuid>0002e89c-ad7d-8000-3e78-014d98014d98</uuid>
                        <uuid>0005e89f-2bef-8000-3e98-014d98014d98</uuid>
                        <uuid>0002e777-eb00-8000-3505-014d98014d98</uuid>
                        <uuid>0004e88c-e92c-8000-3e25-014d98014d98</uuid>
                        <uuid>0002e79b-9e60-8000-3678-014d98014d98</uuid>
                        <uuid>0002e946-7e88-8000-44dc-014d98014d98</uuid>
                        <uuid>0002e969-4987-8000-46a2-014d98014d98</uuid>
                        <uuid>0002e969-3242-8000-468b-014d98014d98</uuid>
                        <uuid>000ae969-115e-8000-4676-014d98014d98</uuid>
                        <uuid>0009e969-10ec-8000-4672-014d98014d98</uuid>
                        <uuid>000be971-37d9-8000-470e-014d98014d98</uuid>
                        <uuid>0002e9e9-fe66-8000-3b20-014d98014d98</uuid>
                    </uuids>
                </item>
                <item>
                    <type>portlet</type>
                    <uuids/>
                </item>
                <item>
                    <type>page</type>
                    <uuids/>
                </item>
                <item>
                    <type>application</type>
                    <uuids/>
                </item>
                <item>
                    <type>tempoFeed</type>
                    <uuids/>
                </item>
                <item>
                    <type>recordType</type>
                    <uuids>
                        <uuid>65e78895-f0fc-44a2-964b-70dbe29409b7</uuid>
                    </uuids>
                </item>
                <item>
                    <type>recordField</type>
                    <uuids/>
                </item>
                <item>
                    <type>recordRelationship</type>
                    <uuids/>
                </item>
                <item>
                    <type>tempoReport</type>
                    <uuids/>
                </item>
                <item>
                    <type>taskReport</type>
                    <uuids/>
                </item>
                <item>
                    <type>webApi</type>
                    <uuids>
                        <uuid>05e9708a-ea1a-409a-ba36-8e4b3f0a5a7a</uuid>
                        <uuid>efdea77d-c268-4b2b-b3da-dc7f422a1718</uuid>
                        <uuid>3665d6e4-df38-4a18-b0b6-f44253a56308</uuid>
                        <uuid>6d71f12b-8fc9-4461-b7dc-106923d69ace</uuid>
                    </uuids>
                </item>
                <item>
                    <type>site</type>
                    <uuids/>
                </item>
                <item>
                    <type>adminSetting</type>
                    <uuids/>
                </item>
                <item>
                    <type>thirdPartyCredentials</type>
                    <uuids/>
                </item>
                <item>
                    <type>dataSource</type>
                    <uuids/>
                </item>
                <item>
                    <type>embeddedSailTheme</type>
                    <uuids/>
                </item>
                <item>
                    <type>connectedSystem</type>
                    <uuids/>
                </item>
                <item>
                    <type>pluginInfo</type>
                    <uuids/>
                </item>
                <item>
                    <type>featureFlag</type>
                    <uuids/>
                </item>
            </globalIdMap>
        </associatedObjects>
        <applicationNavigation/>
        <applicationActions/>
        <associatedApplications>
            <globalIdMap>
                <item>
                    <type>datatype</type>
                    <uuids/>
                </item>
                <item>
                    <type>dataStore</type>
                    <uuids/>
                </item>
                <item>
                    <type>user</type>
                    <uuids/>
                </item>
                <item>
                    <type>groupType</type>
                    <uuids/>
                </item>
                <item>
                    <type>group</type>
                    <uuids/>
                </item>
                <item>
                    <type>content</type>
                    <uuids/>
                </item>
                <item>
                    <type>forum</type>
                    <uuids/>
                </item>
                <item>
                    <type>processModelFolder</type>
                    <uuids/>
                </item>
                <item>
                    <type>processModel</type>
                    <uuids/>
                </item>
                <item>
                    <type>portlet</type>
                    <uuids/>
                </item>
                <item>
                    <type>page</type>
                    <uuids/>
                </item>
                <item>
                    <type>application</type>
                    <uuids/>
                </item>
                <item>
                    <type>tempoFeed</type>
                    <uuids/>
                </item>
                <item>
                    <type>recordType</type>
                    <uuids/>
                </item>
                <item>
                    <type>recordField</type>
                    <uuids/>
                </item>
                <item>
                    <type>recordRelationship</type>
                    <uuids/>
                </item>
                <item>
                    <type>tempoReport</type>
                    <uuids/>
                </item>
                <item>
                    <type>taskReport</type>
                    <uuids/>
                </item>
                <item>
                    <type>webApi</type>
                    <uuids/>
                </item>
                <item>
                    <type>site</type>
                    <uuids/>
                </item>
                <item>
                    <type>adminSetting</type>
                    <uuids/>
                </item>
                <item>
                    <type>thirdPartyCredentials</type>
                    <uuids/>
                </item>
                <item>
                    <type>dataSource</type>
                    <uuids/>
                </item>
                <item>
                    <type>embeddedSailTheme</type>
                    <uuids/>
                </item>
                <item>
                    <type>connectedSystem</type>
                    <uuids/>
                </item>
                <item>
                    <type>pluginInfo</type>
                    <uuids/>
                </item>
                <item>
                    <type>featureFlag</type>
                    <uuids/>
                </item>
            </globalIdMap>
        </associatedApplications>
    </application>
    <roleMap>
        <contentRoleMap public="true">
            <role inherit="false" allowForAll="false" name="readers">
                <users/>
                <groups>
                    <groupUuid>_e-0000e9f2-0ec2-8000-343a-011e94011e94_547</groupUuid>
                </groups>
            </role>
            <role inherit="false" allowForAll="false" name="authors">
                <users/>
                <groups>
                    <groupUuid>_e-0000e9ab-f4aa-8000-3438-011e94011e94_542</groupUuid>
                </groups>
            </role>
            <role inherit="false" allowForAll="false" name="administrators">
                <users/>
                <groups>
                    <groupUuid>_e-0000e9ab-f4aa-8000-3438-011e94011e94_520</groupUuid>
                </groups>
            </role>
            <role inherit="false" allowForAll="false" name="denyReaders">
                <users/>
                <groups/>
            </role>
            <role inherit="false" allowForAll="false" name="denyAuthors">
                <users/>
                <groups/>
            </role>
            <role inherit="false" allowForAll="false" name="denyAdministrators">
                <users/>
                <groups/>
            </role>
        </contentRoleMap>
    </roleMap>
    <defaultApplicationObjects/>
    <applicationDocumentation/>
    <history>
        <historyInfo versionUuid="_a-0000e75e-fc03-8000-33fa-01ef9001ef90_12637"/>
        <historyInfo versionUuid="_a-0000e823-3c4b-8000-3444-01ef9001ef90_61033"/>
        <historyInfo versionUuid="_a-0000ea05-cec3-8000-3447-01ef9001ef90_312593"/>
    </history>
    <postDeploymentProcessData/>
</applicationHaul>
