<?xml version="1.0" encoding="UTF-8" standalone="yes"?>
<processModelFolderHaul xmlns:a="http://www.appian.com/ae/types/2009">
    <versionUuid>1a3aa43b-65ca-478c-8028-10f7826bd791</versionUuid>
    <processModelFolder>
        <name>P Process Models</name>
        <uuid>7feb3a85-0728-4c7e-ade9-32c799d944d3</uuid>
        <description>Stores process models for the application</description>
    </processModelFolder>
    <roleMap>
        <role name="ADMIN_OWNER">
            <users/>
            <groups>
                <groupUuid>6d7dc77d-6a75-4a65-8e80-7da38c715875</groupUuid>
            </groups>
        </role>
        <role name="EDITOR">
            <users/>
            <groups/>
        </role>
        <role name="EXPLICIT_NONMEMBER">
            <users/>
            <groups/>
        </role>
        <role name="VIEWER">
            <users/>
            <groups>
                <groupUuid>78e7ac7f-f725-46ba-90ba-d70b6fc7fe92</groupUuid>
            </groups>
        </role>
        <role name="MANAGER">
            <users/>
            <groups/>
        </role>
        <role name="INITIATOR">
            <users/>
            <groups/>
        </role>
    </roleMap>
    <history>
        <historyInfo versionUuid="1a3aa43b-65ca-478c-8028-10f7826bd791"/>
    </history>
</processModelFolderHaul>
