<?xml version="1.0" encoding="UTF-8" standalone="yes"?>
<webApiHaul xmlns:a="http://www.appian.com/ae/types/2009">
    <versionUuid>2a02d0c3-de82-4774-ad9f-f9180d60758b</versionUuid>
    <webApi a:uuid="6807af67-398f-49b2-b941-e71fbfdc7ef1" name="httpRedirect">
        <a:description>Web api para devolver por cabecera HTTP una url parametrizable para poder gestionar las redirecciones basadas en cierta logica</a:description>
        <a:expression>#"SYSTEM_SYSRULES_httpResponse_v1"(
  
  
  statusCode: 200,
  headers: {
    #"SYSTEM_SYSRULES_httpHeader"("Access-Control-Allow-Origin", "*")
  },
  
  body: "&lt;head&gt;&lt;meta http-equiv=""Refresh"" content=""0;URL=https://www.20minutos.es/"" /&gt;&lt;/head&gt;"
  
)</a:expression>
        <a:urlAlias>httpRedirect</a:urlAlias>
        <a:httpMethod>GET</a:httpMethod>
        <a:system>false</a:system>
        <a:requestBodyType>NONE</a:requestBodyType>
        <a:loggingEnabled>false</a:loggingEnabled>
    </webApi>
    <roleMap>
        <role name="web_api_administrator">
            <users/>
            <groups>
                <groupUuid>6d7dc77d-6a75-4a65-8e80-7da38c715875</groupUuid>
            </groups>
        </role>
        <role name="web_api_viewer">
            <users/>
            <groups>
                <groupUuid>78e7ac7f-f725-46ba-90ba-d70b6fc7fe92</groupUuid>
            </groups>
        </role>
    </roleMap>
    <typedValue>
        <type>
            <name>WebApiRequest?list</name>
            <namespace>http://www.appian.com/ae/types/2009</namespace>
        </type>
        <value>
            <el>
                <a:path/>
                <a:body/>
            </el>
        </value>
    </typedValue>
    <history>
        <historyInfo versionUuid="2a02d0c3-de82-4774-ad9f-f9180d60758b"/>
    </history>
</webApiHaul>
