<?xml version="1.0" encoding="UTF-8" standalone="yes"?>
<webApiHaul xmlns:a="http://www.appian.com/ae/types/2009">
    <versionUuid>44a6372f-a3c2-424c-b6e7-8ddaec90881e</versionUuid>
    <webApi a:uuid="954c009c-83ab-43f1-a118-74baafd9e55f" name="P ">
        <a:description></a:description>
        <a:expression>a!localVariables(
  /*
  * If there is a username specified in the query string of the HTTP request,
  * we'll retrieve information about the specified user.  If there is no
  * username specified then we'll retrieve information about the user that is
  * executing the Web API.
  */
  

  /*
  * Construct an HTTP response that contains the information that we just stored
  * in 'local!user'.
  */
  #"SYSTEM_SYSRULES_httpResponse_v1"(
    /*
    * Set an HTTP header that tells the client that the body of the response
    * will be JSON-encoded.
    */
    headers: {
      #"SYSTEM_SYSRULES_httpHeader"(name: "Content-Type", value: "application/json")
    },
    /*
    * JSON-encode the value of 'local!user' and place it in the response body.
    */
    body:#"04db6a63-9d47-40d8-b5e8-5eaf96120f40"()
  )
)</a:expression>
        <a:urlAlias>_213Ww</a:urlAlias>
        <a:httpMethod>GET</a:httpMethod>
        <a:system>false</a:system>
        <a:requestBodyType>NONE</a:requestBodyType>
        <a:loggingEnabled>false</a:loggingEnabled>
    </webApi>
    <roleMap>
        <role name="web_api_administrator">
            <users/>
            <groups>
                <groupUuid>6d7dc77d-6a75-4a65-8e80-7da38c715875</groupUuid>
            </groups>
        </role>
        <role name="web_api_viewer">
            <users/>
            <groups>
                <groupUuid>78e7ac7f-f725-46ba-90ba-d70b6fc7fe92</groupUuid>
            </groups>
        </role>
    </roleMap>
    <typedValue>
        <type>
            <name>WebApiRequest?list</name>
            <namespace>http://www.appian.com/ae/types/2009</namespace>
        </type>
        <value>
            <el>
                <a:path/>
                <a:queryParameters>
                    <a:name>username</a:name>
                    <a:value>djcalleja</a:value>
                </a:queryParameters>
                <a:body/>
            </el>
        </value>
    </typedValue>
    <history>
        <historyInfo versionUuid="44a6372f-a3c2-424c-b6e7-8ddaec90881e"/>
    </history>
</webApiHaul>
