<?xml version="1.0" encoding="UTF-8" standalone="yes"?>
<webApiHaul xmlns:a="http://www.appian.com/ae/types/2009">
    <versionUuid>7efc66ee-e7ac-4874-939a-cefa557c3b0b</versionUuid>
    <webApi a:uuid="e868c035-3f41-49ec-b5f1-ee1edddd39fa" name="P_requestsXML">
        <a:description>Web api que recibe un mensaje XML simulando ser un soap</a:description>
        <a:expression>a!localVariables(
  /*
  * If there is a username specified in the query string of the HTTP request,
  * we'll retrieve information about the specified user.  If there is no
  * username specified then we'll retrieve information about the user that is
  * executing the Web API.
  */
  local!username: if(
    isnull(http!request.queryParameters.username),
    loggedInUser(),
    http!request.queryParameters.username
  ),

  local!body: http!request.body,
  
  
  
  /*
  * Retrieve information about the user using the 'user()' function and assemble
  * this information into a dictionary and store that dictionary in a local
  * variable named 'local!user'.
  */
  local!user: {
    firstName: user(local!username, "firstName"),
    lastName: user(local!username, "lastName"),
    email: user(local!username, "email"),
    phoneNumber: user(local!username, "phoneOffice")
  },

  /*
  * Construct an HTTP response that contains the information that we just stored
  * in 'local!user'.
  */
  #"SYSTEM_SYSRULES_httpResponse_v1"(
    /*
    * Set an HTTP header that tells the client that the body of the response
    * will be XML-encoded.
    */
    headers: {
      #"SYSTEM_SYSRULES_httpHeader"(name: "Content-Type", value: "application/xml")
    },
    /*
    * XML-encode the value of 'local!user' and place it in the response body.
    */
    body: toxml(local!user)
  )
)</a:expression>
        <a:urlAlias>receiveXMLRequest</a:urlAlias>
        <a:httpMethod>POST</a:httpMethod>
        <a:system>false</a:system>
        <a:requestBodyType>NONE</a:requestBodyType>
        <a:loggingEnabled>true</a:loggingEnabled>
    </webApi>
    <roleMap>
        <role name="web_api_administrator">
            <users/>
            <groups>
                <groupUuid>6d7dc77d-6a75-4a65-8e80-7da38c715875</groupUuid>
            </groups>
        </role>
        <role name="web_api_viewer">
            <users/>
            <groups>
                <groupUuid>78e7ac7f-f725-46ba-90ba-d70b6fc7fe92</groupUuid>
            </groups>
        </role>
    </roleMap>
    <typedValue>
        <type>
            <name>WebApiRequest?list</name>
            <namespace>http://www.appian.com/ae/types/2009</namespace>
        </type>
        <value>
            <el>
                <a:path/>
                <a:queryParameters>
                    <a:name>username</a:name>
                    <a:value>djcalleja</a:value>
                </a:queryParameters>
                <a:body/>
            </el>
        </value>
    </typedValue>
    <history>
        <historyInfo versionUuid="7efc66ee-e7ac-4874-939a-cefa557c3b0b"/>
    </history>
</webApiHaul>
