<?xml version="1.0" encoding="UTF-8"?>
<processModelHaul>
  <versionUuid>0003e8ad-8def-8000-3869-014d98014d98</versionUuid>
  <folderUuid>_g-0000e75e-fc03-8000-3446-014d98014d98_13</folderUuid>
  <roleMap>
    <role name="ADMIN_OWNER">
      <users>
        <userUuid>alberto.saavedrag@inetum.com</userUuid>
      </users>
      <groups/>
    </role>
    <role name="EDITOR">
      <users/>
      <groups/>
    </role>
    <role name="EXPLICIT_NONMEMBER">
      <users/>
      <groups/>
    </role>
    <role name="VIEWER">
      <users/>
      <groups/>
    </role>
    <role name="MANAGER">
      <users/>
      <groups/>
    </role>
    <role name="INITIATOR">
      <users/>
      <groups/>
    </role>
  </roleMap>
  <process_model_port schemaVersion="007.000.004"
    xmlns="http://www.appian.com/ae/types/2009"
    xmlns:a="http://www.appian.com/ae/types/2009"
    xmlns:xsd="http://www.w3.org/2001/XMLSchema" xmlns:xsi="http://www.w3.org/2001/XMLSchema-instance">
    <pm>
      <meta>
        <uuid><![CDATA[0002e7dd-bd12-8000-3658-014d98014d98]]></uuid>
        <name>
          <string-map>
            <pair>
              <locale country="US" lang="en" variant=""/>
              <value/>
            </pair>
            <pair>
              <locale country="" lang="es" variant=""/>
              <value><![CDATA[P_meterEnSAML]]></value>
            </pair>
          </string-map>
        </name>
        <desc>
          <string-map>
            <pair>
              <locale country="US" lang="en" variant=""/>
              <value/>
            </pair>
            <pair>
              <locale country="" lang="es" variant=""/>
              <value/>
            </pair>
          </string-map>
        </desc>
        <versionStatus>2</versionStatus>
        <process-name>
          <string-map>
            <pair>
              <locale country="US" lang="en" variant=""/>
              <value/>
            </pair>
            <pair>
              <locale country="" lang="es" variant=""/>
              <value><![CDATA[P_meterEnSAML]]></value>
            </pair>
          </string-map>
        </process-name>
        <deadline>
          <enabled>false</enabled>
          <type>0</type>
          <units>0</units>
          <rex/>
          <aex/>
        </deadline>
        <pm-notification-settings>
          <custom-settings>false</custom-settings>
          <notify-initiator>false</notify-initiator>
          <notify-owner>false</notify-owner>
          <usersandgroups/>
          <recipients-exp/>
        </pm-notification-settings>
        <cleanup-action>3</cleanup-action>
        <auto-archive-delay>7</auto-archive-delay>
        <auto-delete-delay>0</auto-delete-delay>
        <timeZoneId><![CDATA[Europe/Madrid]]></timeZoneId>
        <useProcessInitiatorTimeZone>true</useProcessInitiatorTimeZone>
      </meta>
      <pvs>
        <pv name="lista1">
          <a:value xmlns="" xsi:type="a:Text?list"/>
          <expr><![CDATA[={"IDUP0203","IDUP0229","IDUP0240","IDUP0241","IDUP0248","IDUP1623","IDUP1629","IDUP1648","IDUP1723","IDUP1803","IDUP1815","IDUP1845","IDUP1905","IDUP1923","IDUP1941","IDUP2009","IDUP2019","IDUP2044","IDUP2114","IDUP0348","IDUP0421","IDUP0425","IDUP0427","IDUP0516","IDUP0628","IDUP0633","IDUP0636","IDUP0646","IDUP0720","IDUP0731","IDUP0812","IDUP0829","IDUP0838","IDUP0925","IDUP0932","IDUP0938","IDUP1012","IDUP1040","IDUP1109","IDUP1200","IDUP1300","IDUP1302","IDUP1305","IDUP1312","IDUP1335","IDUP1414","IDUP1422","IDUP1425","IDUP1513","IDUP1519","IDUP1608","IDUP1618","IDUP0107","IDUP0124","IDUP2400","IDUP2402","IDUP2404","IDUP2407","IDUP2408","IDUP2409","IDUP2414","IDUP2416","IDUP2417","IDUP2423","IDUP2425","IDUP2426","IDUP2432","IDUP2433","IDUP2436","IDUP2438","IDUP2439","IDUP2440","IDUP2442","IDUP2446","IDUP2502","IDUP2504","IDUP2505","IDUP2508","IDUP2509","IDUP2510","IDUP2516","IDUP2524","IDUP2531","IDUP2147","IDUP2205","IDUP2228","IDUP2318","IDUP2319","IDUP2335","IDUP2340","IDUP2341","IDUP2342","IDUP2345","IDUP2346","IDUP0101","IDUP0112","IDUP0119","IDUP0110","IDUP0120","IDUP0126","IDUP0117","IDUP0102","IDUP0200","IDUP0125","IDUP0149","IDUP0130","IDUP0137","IDUP0146","IDUP0145","IDUP0210","IDUP0129","IDUP0118","IDUP0105","IDUP0111","IDUP0132","IDUP0103","IDUP0106","IDUP0133","IDUP0215","IDUP0204","IDUP0109","IDUP0127","IDUP0140","IDUP0238","IDUP0316","IDUP0306","IDUP0327","IDUP0337","IDUP0226","IDUP0206","IDUP0239","IDUP0142","IDUP0218","IDUP0214","IDUP0205","IDUP0323","IDUP0334","IDUP0301","IDUP0147","IDUP0144","IDUP0228","IDUP0202","IDUP0300","IDUP0201","IDUP0227","IDUP0303","IDUP0224","IDUP0232","IDUP0321","IDUP0219","IDUP0221","IDUP0304","IDUP0326","IDUP0209","IDUP0245","IDUP0225","IDUP0237","IDUP0324","IDUP0136","IDUP0211","IDUP0236","IDUP0231","IDUP0230","IDUP0234","IDUP0249","IDUP0246","IDUP0404","IDUP0328","IDUP0242","IDUP0329","IDUP0339","IDUP0307","IDUP0315","IDUP0344","IDUP0400","IDUP0335","IDUP0418","IDUP0433","IDUP0502","IDUP0446","IDUP0445","IDUP0311","IDUP0510","IDUP0330","IDUP0417","IDUP0422","IDUP0435","IDUP0503","IDUP0320","IDUP0507","IDUP0314","IDUP0312","IDUP0411","IDUP0310","IDUP0343","IDUP0412","IDUP0317","IDUP0345","IDUP0331","IDUP0603","IDUP0419","IDUP0447","IDUP0722","IDUP0325","IDUP0333","IDUP0523","IDUP0525","IDUP0403","IDUP0235","IDUP0649","IDUP0714","IDUP0702","IDUP0512","IDUP0349","IDUP0413","IDUP0414","IDUP0139","IDUP0743","IDUP0322","IDUP0338","IDUP0223","IDUP0429","IDUP0233","IDUP0410","IDUP0426","IDUP0409","IDUP0537","IDUP0432","IDUP0407","IDUP0542","IDUP0606","IDUP0438","IDUP0630","IDUP0620","IDUP0640","IDUP0434","IDUP0401","IDUP0716","IDUP0749","IDUP0748","IDUP0747","IDUP0805","IDUP1000","IDUP0618","IDUP0723","IDUP0711","IDUP0712","IDUP1429","IDUP0801","IDUP0911","IDUP0524","IDUP0532","IDUP0539","IDUP0602","IDUP0707","IDUP1437","IDUP1427","IDUP0635","IDUP0529","IDUP0522","IDUP0526","IDUP0645","IDUP0638","IDUP0601","IDUP0724","IDUP0701","IDUP0706","IDUP0809","IDUP1428","IDUP1442","IDUP1510","IDUP1504","IDUP1503","IDUP0639","IDUP0647","IDUP0643","IDUP0642","IDUP2601","IDUP0648","IDUP0637","IDUP0122","IDUP2537","IDUP2539","IDUP2514","IDUP2544","IDUP2547","IDUP2501","IDUP2526","IDUP0138","IDUP0822","IDUP0621","IDUP0624","IDUP2512","IDUP0611","IDUP2536","IDUP2500","IDUP2507","IDUP2529","IDUP2518","IDUP2540","IDUP2542","IDUP0121","IDUP0207","IDUP0631","IDUP2511","IDUP2506","IDUP0220","IDUP0216","IDUP2549","IDUP2541","IDUP2548","IDUP2517","IDUP2533","IDUP0436","IDUP0500","IDUP0439","IDUP0332","IDUP0448","IDUP0442","IDUP0309","IDUP0416","IDUP0305","IDUP0222","IDUP0134","IDUP0100","IDUP0318","IDUP0313","IDUP0402","IDUP0113","IDUP0108","IDUP0123","IDUP0116","IDUP0148","IDUP0141","IDUP0135","IDUP0212","IDUP0247","IDUP0405","IDUP0131","IDUP0213","IDUP0128","IDUP0308","IDUP0346","IDUP0143","IDUP0347","IDUP0428","IDUP0508","IDUP0340","IDUP0505","IDUP0336","IDUP0545","IDUP0600","IDUP0504","IDUP0518","IDUP0519","IDUP0607","IDUP0613","IDUP0501","IDUP0443","IDUP0616","IDUP0517","IDUP0548","IDUP0533","IDUP0406","IDUP0543","IDUP0535","IDUP0544","IDUP0423","IDUP0531","IDUP0540","IDUP0530","IDUP0538","IDUP0449","IDUP0520","IDUP0629","IDUP0617","IDUP0440","IDUP0615","IDUP0506","IDUP0515","IDUP0420","IDUP0521","IDUP0408","IDUP0541","IDUP0614","IDUP0528","IDUP0604","IDUP0619","IDUP0735","IDUP0627","IDUP0704","IDUP0713","IDUP0802","IDUP0708","IDUP0730","IDUP0737","IDUP0729","IDUP0718","IDUP0745","IDUP0817","IDUP0832","IDUP0741","IDUP0833","IDUP0806","IDUP0813","IDUP0849","IDUP0825","IDUP0839","IDUP0700","IDUP0710","IDUP0736","IDUP0804","IDUP0808","IDUP0612","IDUP0632","IDUP0727","IDUP0728","IDUP0625","IDUP0641","IDUP0725","IDUP0623","IDUP0709","IDUP0815","IDUP0836","IDUP1023","IDUP1049","IDUP1127","IDUP1122","IDUP0826","IDUP0904","IDUP0902","IDUP0302","IDUP1014","IDUP0740","IDUP0908","IDUP0914","IDUP0115","IDUP0114","IDUP0915","IDUP0920","IDUP0536","IDUP0816","IDUP1021","IDUP1009","IDUP0929","IDUP0944","IDUP0937","IDUP1134","IDUP1147","IDUP1130","IDUP1018","IDUP1035","IDUP1026","IDUP0844","IDUP0928","IDUP0945","IDUP1038","IDUP0918","IDUP0946","IDUP0927","IDUP1004","IDUP1034","IDUP1048","IDUP1248","IDUP1332","IDUP2018","IDUP2016","IDUP1045","IDUP1146","IDUP1242","IDUP1333","IDUP1112","IDUP1844","IDUP1213","IDUP1913","IDUP1911","IDUP1943","IDUP1848","IDUP1041","IDUP1044","IDUP1103","IDUP1113","IDUP1039","IDUP1119","IDUP1125","IDUP1235","IDUP1047","IDUP1036","IDUP1142","IDUP1143","IDUP1204","IDUP1240","IDUP1306","IDUP1842","IDUP1833","IDUP1929","IDUP1949","IDUP2010","IDUP1042","IDUP0509","IDUP1006","IDUP2035","IDUP1029","IDUP2200","IDUP2234","IDUP2349","IDUP2532","IDUP2422","IDUP0941","IDUP0415","IDUP2244","IDUP2523","IDUP2445","IDUP0921","IDUP1008","IDUP2527","IDUP2306","IDUP2020","IDUP1224","IDUP0835","IDUP0930","IDUP2042","IDUP0907","IDUP1140","IDUP1900","IDUP1308","IDUP1020","IDUP1903","IDUP1116","IDUP0437","IDUP1120","IDUP2243","IDUP0547","IDUP2006","IDUP1201","IDUP0824","IDUP2520","IDUP2211","IDUP1404","IDUP1323","IDUP1237","IDUP1547","IDUP1700","IDUP1649","IDUP1732","IDUP1507","IDUP1144","IDUP1514","IDUP1625","IDUP1641","IDUP1728","IDUP1744","IDUP1642","IDUP1619","IDUP1636","IDUP1715","IDUP1722","IDUP1538","IDUP1535","IDUP1611","IDUP0726","IDUP0827","IDUP1417","IDUP1543","IDUP1640","IDUP1548","IDUP1805","IDUP1806","IDUP0922","IDUP1349","IDUP1341","IDUP1403","IDUP1409","IDUP1743","IDUP1610","IDUP1545","IDUP1724","IDUP1745","IDUP1735","IDUP1517","IDUP1537","IDUP1534","IDUP1714","IDUP1800","IDUP1807","IDUP1808","IDUP1811","IDUP1749","IDUP1448","IDUP1631","IDUP1505","IDUP1540","IDUP1102","IDUP1710","IDUP0903","IDUP1307","IDUP1423","IDUP1419","IDUP0842","IDUP1223","IDUP1544","IDUP1716","IDUP1243","IDUP1717","IDUP1225","IDUP1528","IDUP1601","IDUP1840","IDUP1211","IDUP1711","IDUP1541","IDUP1730","IDUP2203","IDUP1737","IDUP1721","IDUP1613","IDUP1748","IDUP0821","IDUP0341","IDUP0511","IDUP1003","IDUP0940","IDUP0926","IDUP1205","IDUP1339","IDUP1621","IDUP1614","IDUP1718","IDUP1017","IDUP0715","IDUP1441","IDUP2308","IDUP1431","IDUP1713","IDUP1746","IDUP1644","IDUP0910","IDUP0942","IDUP1245","IDUP0534","IDUP0935","IDUP1319","IDUP1303","IDUP1612","IDUP1720","IDUP1135","IDUP1249","IDUP1402","IDUP2022","IDUP2430","IDUP2229","IDUP0424","IDUP0208","IDUP1011","IDUP1145","IDUP1221","IDUP1232","IDUP1331","IDUP1520","IDUP1421","IDUP1521","IDUP1502","IDUP1615","IDUP0934","IDUP1209","IDUP1438","IDUP0104","IDUP1733","IDUP0319","IDUP1101","IDUP1129","IDUP0243","IDUP2324","IDUP1430","IDUP1449","IDUP1531","IDUP1529","IDUP1516","IDUP2204","IDUP1218","IDUP2336","IDUP2339","IDUP2343","IDUP1738","IDUP1635","IDUP1719","IDUP1820","IDUP1910","IDUP1207","IDUP2328","IDUP1241","IDUP0811","IDUP2348","IDUP1624","IDUP0901","IDUP1005","IDUP1334","IDUP1435","IDUP0742","IDUP2323","IDUP0831","IDUP1100","IDUP1030","IDUP1908","IDUP2117","IDUP2235","IDUP2240","IDUP2231","IDUP2545","IDUP2530","IDUP0845","IDUP1124","IDUP1328","IDUP1647","IDUP1617","IDUP1703","IDUP0931","IDUP1032","IDUP1739","IDUP1628","IDUP1727","IDUP1634","IDUP1019","IDUP1132","IDUP1526","IDUP1708","IDUP1344","IDUP1814","IDUP1907","IDUP1831","IDUP1843","IDUP1133","IDUP2031","IDUP1214","IDUP1123","IDUP1338","IDUP1410","IDUP0906","IDUP0905","IDUP1010","IDUP2312","IDUP2043","IDUP1229","IDUP1933","IDUP1934","IDUP2029","IDUP1944","IDUP2139","IDUP0605","IDUP0546","IDUP2311","IDUP2600","IDUP2143","IDUP1001","IDUP1709","IDUP1347","IDUP1726","IDUP1736","IDUP1203","IDUP0923","IDUP1318","IDUP1346","IDUP1508","IDUP1809","IDUP1920","IDUP1827","IDUP1824","IDUP1935","IDUP2444","IDUP2041","IDUP2124","IDUP2213","IDUP2534","IDUP0947","IDUP1320","IDUP1509","IDUP1705","IDUP1043","IDUP1511","IDUP1606","IDUP1603","IDUP1702","IDUP1416","IDUP1922","IDUP1802","IDUP1826","IDUP1917","IDUP2126","IDUP1007","IDUP2330","IDUP0847","IDUP0834","IDUP1105","IDUP1741","IDUP1412","IDUP1533","IDUP1740","IDUP1015","IDUP1632","IDUP1309","IDUP1219","IDUP1326","IDUP1742","IDUP1823","IDUP1818","IDUP1937","IDUP2141","IDUP2237","IDUP0608","IDUP0820","IDUP1227","IDUP1139","IDUP0514","IDUP1643","IDUP1704","IDUP1118","IDUP1501","IDUP1602","IDUP1731","IDUP1646","IDUP1725","IDUP1734","IDUP1712","IDUP1925","IDUP2149","IDUP2123","IDUP2135","IDUP2238","IDUP1321","IDUP1343","IDUP1244","IDUP1345","IDUP1527","IDUP1515","IDUP1406","IDUP1604","IDUP0819","IDUP1530","IDUP0721","IDUP1620","IDUP1605","IDUP1111","IDUP1747","IDUP1829","IDUP1835","IDUP2000","IDUP2039","IDUP2115","IDUP2412","IDUP0527","IDUP0933","IDUP0943","IDUP1230","IDUP1114","IDUP2427","IDUP2033","IDUP2317","IDUP0644","IDUP1128","IDUP2543","IDUP2525","IDUP2248","IDUP1948","IDUP1607","IDUP1622","IDUP1616","IDUP1609","IDUP1549","IDUP1220","IDUP2023","IDUP1222","IDUP2329","IDUP2420","IDUP0843","IDUP0828","IDUP0912","IDUP2411","IDUP2034","IDUP2232","IDUP1838","IDUP0848","IDUP2528","IDUP1849","IDUP1337","IDUP1336","IDUP0917","IDUP1121","IDUP0830","IDUP1846","IDUP1837","IDUP2522","IDUP2024","IDUP2030","IDUP1002","IDUP2233","IDUP2249","IDUP0746","IDUP0441","IDUP1839","IDUP2128","IDUP0840","IDUP2220","IDUP0846","IDUP0803","IDUP1324","IDUP1401","IDUP2321","IDUP1945","IDUP2101","IDUP2119","IDUP2148","IDUP2122","IDUP0913","IDUP1110","IDUP2007","IDUP2008","IDUP2449","IDUP2521","IDUP2004","IDUP2047","IDUP1931","IDUP1027","IDUP2519","IDUP0818","IDUP2215","IDUP2133","IDUP2120","IDUP2127","IDUP0609","IDUP2313","IDUP0444","IDUP2310","IDUP2415","IDUP1927","IDUP1238","IDUP2224","IDUP2118","IDUP1340","IDUP0549","IDUP0626","IDUP2347","IDUP2418","IDUP2419","IDUP1315","IDUP1841","IDUP1233","IDUP1921","IDUP1444","IDUP1420","IDUP1025","IDUP1028","IDUP2001","IDUP1115","IDUP2134","IDUP1940","IDUP1126","IDUP0900","IDUP2100","IDUP2431","IDUP2410","IDUP1136","IDUP2217","IDUP2315","IDUP0810","IDUP2037","IDUP2015","IDUP1847","IDUP2424","IDUP1210","IDUP2144","IDUP1212","IDUP1310","IDUP1031","IDUP2448","IDUP1912","IDUP1217","IDUP2503","IDUP2108","IDUP0800","IDUP2026","IDUP1141","IDUP2405","IDUP1131","IDUP2109","IDUP0734","IDUP2129","IDUP2132","IDUP1037","IDUP2538","IDUP0513","IDUP0719","IDUP0909","IDUP1148","IDUP1304","IDUP1325","IDUP1436","IDUP1938","IDUP1919","IDUP1107","IDUP1202","IDUP1215","IDUP0732","IDUP0948","IDUP2236","IDUP2300","IDUP2434","IDUP0622","IDUP2435","IDUP1216","IDUP0841","IDUP1106","IDUP1208","IDUP1206","IDUP2102","IDUP2027","IDUP0244","IDUP1405","IDUP2045","IDUP0924","IDUP1117","IDUP1316","IDUP1415","IDUP1424","IDUP1411","IDUP2303","IDUP0705","IDUP2302","IDUP0217","IDUP1330","IDUP1138","IDUP1313","IDUP1407","IDUP1400","IDUP1301","IDUP0837","IDUP1936","IDUP1928","IDUP2049","IDUP2106","IDUP2104","IDUP1836","IDUP2316","IDUP2110","IDUP2428","IDUP2011","IDUP1447","IDUP2012","IDUP1149","IDUP1413","IDUP1446","IDUP1440","IDUP1518","IDUP1532","IDUP2421","IDUP0949","IDUP2208","IDUP2441","IDUP2429","IDUP0342","IDUP1046","IDUP1228","IDUP1317","IDUP1348","IDUP2107","IDUP2515","IDUP2048","IDUP1234","IDUP2112","IDUP1524","IDUP1600","IDUP1500","IDUP1418","IDUP1506","IDUP0431","IDUP2222","IDUP2246","IDUP2239","IDUP0733","IDUP2447","IDUP1443","IDUP2333","IDUP2334","IDUP0807","IDUP2142","IDUP2218","IDUP1247","IDUP1408","IDUP2326","IDUP1626","IDUP1633","IDUP1630","IDUP1627","IDUP1729","IDUP1246","IDUP2406","IDUP2413","IDUP1434","IDUP1445","IDUP0814","IDUP0916","IDUP1022","IDUP1024","IDUP1231","IDUP1314","IDUP0610","IDUP1342","IDUP2214","IDUP0430","IDUP1439","IDUP1645","IDUP1638","IDUP1701","IDUP1536","IDUP2005","IDUP0739","IDUP1426","IDUP0939","IDUP2513","IDUP1016","IDUP0936","IDUP0919","IDUP1013","IDUP1239","IDUP2003","IDUP2301","IDUP2437","IDUP2344","IDUP2443","IDUP1637","IDUP1706","IDUP1639","IDUP1525","IDUP1707","IDUP1108","IDUP1033","IDUP1226","IDUP1104","IDUP2136","IDUP1322","IDUP1327","IDUP1329","IDUP1542","IDUP1539","IDUP0703","IDUP1432","IDUP1137","IDUP0717","IDUP0634","IDUP2216","IDUP1926","IDUP2002","IDUP0738","IDUP2403","IDUP2219","IDUP2230","IDUP2535","IDUP1311","IDUP2125","IDUP1546","IDUP1512","IDUP1523","IDUP1522","IDUP1433","IDUP1236","IDUP2401","IDUP0823","IDUP0744","IDUP2546","IDUP2206","IDUP1801","IDUP1834","IDUP1942","IDUP2014","IDUP2013","IDUP2116","IDUP2032","IDUP2131","IDUP2202","IDUP2025","IDUP2320","IDUP2314","IDUP1812","IDUP1817","IDUP2307","IDUP2305","IDUP2227","IDUP1916","IDUP1932","IDUP2105","IDUP2241","IDUP2210","IDUP1825","IDUP1813","IDUP1832","IDUP1830","IDUP1914","IDUP1810","IDUP2111","IDUP2140","IDUP2038","IDUP2309","IDUP1947","IDUP2327","IDUP1915","IDUP1804","IDUP1909","IDUP2040","IDUP2223","IDUP2331","IDUP2046","IDUP2325","IDUP1906","IDUP2137","IDUP1821","IDUP2103","IDUP2201","IDUP2113","IDUP2121","IDUP1901","IDUP2209","IDUP2221","IDUP2332","IDUP2212","IDUP1939","IDUP2242","IDUP2017","IDUP1918","IDUP2304","IDUP2021","IDUP1828","IDUP1819","IDUP2036","IDUP2130","IDUP2146","IDUP2245","IDUP2138","IDUP2225","IDUP2226","IDUP1924","IDUP2028","IDUP2145","IDUP1930","IDUP1904","IDUP2338","IDUP1902","IDUP2337","IDUP1822","IDUP2322","IDUP1816","IDUP1946","IDUP2247","IDUP2207"}]]></expr>
          <parameter>false</parameter>
          <required>false</required>
          <hidden>false</hidden>
        </pv>
        <pv name="lista2">
          <a:value xmlns="" xsi:type="a:Text?list"/>
          <parameter>false</parameter>
          <required>false</required>
          <hidden>false</hidden>
        </pv>
      </pvs>
      <nodes>
        <node uuid="0000e7dd-bd12-8000-3658-014d98014d98">
          <guiId>0</guiId>
          <owner/>
          <icon id="50"/>
          <picon id="0"/>
          <fname>
            <string-map>
              <pair>
                <locale country="US" lang="en" variant=""/>
                <value><![CDATA[Start Node]]></value>
              </pair>
              <pair>
                <locale country="" lang="es" variant=""/>
                <value><![CDATA[Start Node]]></value>
              </pair>
            </string-map>
          </fname>
          <x>112</x>
          <y>280</y>
          <display>
            <string-map>
              <pair>
                <locale country="US" lang="en" variant=""/>
                <value><![CDATA[Start Node]]></value>
              </pair>
              <pair>
                <locale country="" lang="es" variant=""/>
                <value><![CDATA[Start Node]]></value>
              </pair>
            </string-map>
          </display>
          <desc>
            <string-map>
              <pair>
                <locale country="US" lang="en" variant=""/>
                <value/>
              </pair>
              <pair>
                <locale country="" lang="es" variant=""/>
                <value/>
              </pair>
            </string-map>
          </desc>
          <notify>false</notify>
          <confirmation-url/>
          <lane/>
          <overrideLaneAssignment>false</overrideLaneAssignment>
          <ac>
            <local-id>core.0</local-id>
            <name><![CDATA[Start Node]]></name>
            <acps/>
            <custom-params/>
            <output-exprs/>
            <requires-user-interaction>true</requires-user-interaction>
            <run-as>
              <performer id="0"/>
            </run-as>
            <form-map/>
            <helper-class/>
          </ac>
          <multiple-instance/>
          <escalations/>
          <connections>
            <connection>
              <guiId>1</guiId>
              <to>2</to>
              <toObjectType>ap.gui.Node</toObjectType>
              <fromAnchor/>
              <toAnchor/>
              <showArrowhead>true</showArrowhead>
              <flowLabel/>
              <label>
                <fontColor>#000000</fontColor>
                <fontFamily>Arial, Helvetica, Sans-Serif</fontFamily>
                <fontSize>12</fontSize>
                <bold>false</bold>
                <italics>false</italics>
                <underline>false</underline>
              </label>
              <associations/>
              <chained>false</chained>
              <overridesAssignment>true</overridesAssignment>
              <synchronizeData>false</synchronizeData>
            </connection>
          </connections>
          <associations/>
          <target-completion>5.0</target-completion>
          <target-lag>1.0</target-lag>
          <attachments/>
          <notes/>
          <lingering>false</lingering>
          <on-create-ignore-if-active>false</on-create-ignore-if-active>
          <on-create-delete-previous-active>false</on-create-delete-previous-active>
          <on-complete-delete-previous-completed>false</on-complete-delete-previous-completed>
          <pre-triggers/>
          <post-triggers/>
          <event-producers/>
          <exception-flow/>
          <label>
            <fontColor>#000000</fontColor>
            <fontFamily>Arial, Helvetica, Sans-Serif</fontFamily>
            <fontSize>12</fontSize>
            <bold>false</bold>
            <italics>false</italics>
            <underline>false</underline>
          </label>
          <deadline>
            <enabled>false</enabled>
            <type>0</type>
            <units>0</units>
            <rex/>
            <aex/>
          </deadline>
          <allowsBack>false</allowsBack>
          <refreshDefaultValues>false</refreshDefaultValues>
          <on-complete-keep-form-data>false</on-complete-keep-form-data>
          <skipNotification>false</skipNotification>
        </node>
        <node uuid="0001e7dd-bd12-8000-3658-014d98014d98">
          <guiId>1</guiId>
          <owner/>
          <icon id="51"/>
          <picon id="0"/>
          <fname>
            <string-map>
              <pair>
                <locale country="US" lang="en" variant=""/>
                <value><![CDATA[End Node]]></value>
              </pair>
              <pair>
                <locale country="" lang="es" variant=""/>
                <value><![CDATA[End Node]]></value>
              </pair>
            </string-map>
          </fname>
          <x>812</x>
          <y>280</y>
          <display>
            <string-map>
              <pair>
                <locale country="US" lang="en" variant=""/>
                <value><![CDATA[End Node]]></value>
              </pair>
              <pair>
                <locale country="" lang="es" variant=""/>
                <value><![CDATA[End Node]]></value>
              </pair>
            </string-map>
          </display>
          <desc>
            <string-map>
              <pair>
                <locale country="US" lang="en" variant=""/>
                <value/>
              </pair>
              <pair>
                <locale country="" lang="es" variant=""/>
                <value/>
              </pair>
            </string-map>
          </desc>
          <notify>false</notify>
          <confirmation-url/>
          <lane/>
          <overrideLaneAssignment>false</overrideLaneAssignment>
          <ac>
            <local-id>core.1</local-id>
            <name><![CDATA[End Node]]></name>
            <acps>
              <acp name="pmID">
                <a:value xsi:nil="true" xsi:type="a:ProcessModel"/>
                <a:local-id>0</a:local-id>
                <a:expr/>
                <a:required>0</a:required>
                <a:editable>0</a:editable>
                <a:assign-to-pv/>
                <a:input-to-activity-class>true</a:input-to-activity-class>
                <a:hidden-from-designer>false</a:hidden-from-designer>
                <a:generated>false</a:generated>
                <a:enumeration/>
                <a:customDisplayReference/>
              </acp>
              <acp name="inMap">
                <a:value xsi:nil="true" xsi:type="a:Bean?list"/>
                <a:local-id>1</a:local-id>
                <a:expr/>
                <a:required>0</a:required>
                <a:editable>1</a:editable>
                <a:assign-to-pv/>
                <a:input-to-activity-class>true</a:input-to-activity-class>
                <a:hidden-from-designer>false</a:hidden-from-designer>
                <a:generated>false</a:generated>
                <a:enumeration/>
                <a:customDisplayReference/>
              </acp>
              <acp name="procInheritsPriority">
                <a:value xmlns="" xsi:type="xsd:int">1</a:value>
                <a:local-id>5</a:local-id>
                <a:expr/>
                <a:required>0</a:required>
                <a:editable>1</a:editable>
                <a:assign-to-pv/>
                <a:input-to-activity-class>false</a:input-to-activity-class>
                <a:hidden-from-designer>false</a:hidden-from-designer>
                <a:generated>false</a:generated>
                <a:enumeration/>
                <a:customDisplayReference/>
              </acp>
              <acp name="pmUUID">
                <a:value xsi:nil="true" xsi:type="xsd:string"/>
                <a:local-id>6</a:local-id>
                <a:expr/>
                <a:required>0</a:required>
                <a:editable>1</a:editable>
                <a:assign-to-pv/>
                <a:input-to-activity-class>true</a:input-to-activity-class>
                <a:hidden-from-designer>false</a:hidden-from-designer>
                <a:generated>false</a:generated>
                <a:enumeration/>
                <a:customDisplayReference/>
              </acp>
              <acp name="isAsynchronous">
                <a:value xmlns="" xsi:type="xsd:boolean">true</a:value>
                <a:local-id>7</a:local-id>
                <a:expr/>
                <a:required>1</a:required>
                <a:editable>0</a:editable>
                <a:assign-to-pv/>
                <a:input-to-activity-class>true</a:input-to-activity-class>
                <a:hidden-from-designer>true</a:hidden-from-designer>
                <a:generated>false</a:generated>
                <a:enumeration/>
                <a:customDisplayReference/>
              </acp>
              <acp name="isTransparent">
                <a:value xmlns="" xsi:type="xsd:boolean">true</a:value>
                <a:local-id>14</a:local-id>
                <a:expr/>
                <a:required>1</a:required>
                <a:editable>1</a:editable>
                <a:assign-to-pv/>
                <a:input-to-activity-class>true</a:input-to-activity-class>
                <a:hidden-from-designer>true</a:hidden-from-designer>
                <a:generated>false</a:generated>
                <a:enumeration/>
                <a:customDisplayReference/>
              </acp>
              <acp name="inheritSecurity">
                <a:value xmlns="" xsi:type="xsd:boolean">false</a:value>
                <a:local-id>15</a:local-id>
                <a:expr/>
                <a:required>1</a:required>
                <a:editable>1</a:editable>
                <a:assign-to-pv/>
                <a:input-to-activity-class>true</a:input-to-activity-class>
                <a:hidden-from-designer>true</a:hidden-from-designer>
                <a:generated>false</a:generated>
                <a:enumeration/>
                <a:customDisplayReference/>
              </acp>
            </acps>
            <custom-params/>
            <output-exprs/>
            <requires-user-interaction>true</requires-user-interaction>
            <run-as>
              <performer id="0"/>
            </run-as>
            <form-map/>
            <helper-class/>
          </ac>
          <multiple-instance/>
          <escalations/>
          <connections/>
          <associations/>
          <target-completion>5.0</target-completion>
          <target-lag>1.0</target-lag>
          <attachments/>
          <notes/>
          <lingering>false</lingering>
          <on-create-ignore-if-active>false</on-create-ignore-if-active>
          <on-create-delete-previous-active>false</on-create-delete-previous-active>
          <on-complete-delete-previous-completed>false</on-complete-delete-previous-completed>
          <pre-triggers/>
          <post-triggers/>
          <event-producers/>
          <exception-flow/>
          <label>
            <fontColor>#000000</fontColor>
            <fontFamily>Arial, Helvetica, Sans-Serif</fontFamily>
            <fontSize>12</fontSize>
            <bold>false</bold>
            <italics>false</italics>
            <underline>false</underline>
          </label>
          <deadline>
            <enabled>false</enabled>
            <type>0</type>
            <units>0</units>
            <rex/>
            <aex/>
          </deadline>
          <allowsBack>false</allowsBack>
          <refreshDefaultValues>false</refreshDefaultValues>
          <on-complete-keep-form-data>false</on-complete-keep-form-data>
          <skipNotification>false</skipNotification>
        </node>
        <node uuid="0001e7dd-bda8-8000-365b-014d98014d98">
          <guiId>2</guiId>
          <owner/>
          <icon id="17"/>
          <picon id="17"/>
          <fname>
            <string-map>
              <pair>
                <locale country="" lang="es" variant=""/>
                <value><![CDATA[Add Group Members]]></value>
              </pair>
            </string-map>
          </fname>
          <x>364</x>
          <y>280</y>
          <display>
            <string-map>
              <pair>
                <locale country="" lang="es" variant=""/>
                <value><![CDATA[Add Group Members]]></value>
              </pair>
            </string-map>
          </display>
          <desc>
            <string-map>
              <pair>
                <locale country="" lang="es" variant=""/>
                <value/>
              </pair>
            </string-map>
          </desc>
          <notify>false</notify>
          <confirmation-url/>
          <lane/>
          <overrideLaneAssignment>false</overrideLaneAssignment>
          <ac>
            <local-id>internal.19</local-id>
            <name><![CDATA[Add Members to Group]]></name>
            <acps>
              <acp name="UsersAndGroups">
                <a:value xsi:nil="true" xsi:type="a:UserOrGroup?list"/>
                <a:local-id>0</a:local-id>
                <a:expr><![CDATA[=pv!lista1]]></a:expr>
                <a:required>1</a:required>
                <a:editable>1</a:editable>
                <a:assign-to-pv/>
                <a:input-to-activity-class>true</a:input-to-activity-class>
                <a:hidden-from-designer>false</a:hidden-from-designer>
                <a:generated>false</a:generated>
                <a:enumeration/>
                <a:customDisplayReference/>
              </acp>
              <acp name="Group">
                <a:value
                  a:id="_e-0000e5cd-0f79-8000-9af8-01075c01075c_120"
                  xmlns="" xsi:type="a:Group"/>
                <a:local-id>1</a:local-id>
                <a:expr/>
                <a:required>1</a:required>
                <a:editable>1</a:editable>
                <a:assign-to-pv/>
                <a:input-to-activity-class>true</a:input-to-activity-class>
                <a:hidden-from-designer>false</a:hidden-from-designer>
                <a:generated>false</a:generated>
                <a:enumeration/>
                <a:customDisplayReference/>
              </acp>
            </acps>
            <custom-params/>
            <output-exprs/>
            <requires-user-interaction>true</requires-user-interaction>
            <run-as>
              <performer id="0"/>
            </run-as>
            <form-map>
              <pair>
                <locale country="" lang="es" variant=""/>
                <form-config>
                  <form>
                    <type>3</type>
                    <enabled>true</enabled>
                    <dynamic-form>
                      <form-elements/>
                    </dynamic-form>
                    <uiExpressionForm>
                      <expression><![CDATA[=/*41707069616E-GEN-DEBUG*/=a!formLayout(
  buttons: a!buttonLayout(
    primaryButtons: {
      a!buttonWidgetSubmit(
        label: "OK",
        style: "PRIMARY"
      )
    }
  ))]]></expression>
                    </uiExpressionForm>
                    <hiddenSections>16</hiddenSections>
                  </form>
                </form-config>
              </pair>
              <pair>
                <locale country="US" lang="en" variant=""/>
                <form-config>
                  <form>
                    <type>3</type>
                    <enabled>false</enabled>
                    <dynamic-form>
                      <form-elements/>
                    </dynamic-form>
                    <uiExpressionForm>
                      <expression><![CDATA[=/*41707069616E-GEN-DEBUG*/=a!formLayout(
  buttons: a!buttonLayout(
    primaryButtons: {
      a!buttonWidgetSubmit(
        label: "OK",
        style: "PRIMARY"
      )
    }
  ))]]></expression>
                    </uiExpressionForm>
                    <hiddenSections>16</hiddenSections>
                  </form>
                </form-config>
              </pair>
            </form-map>
            <helper-class/>
          </ac>
          <multiple-instance/>
          <escalations/>
          <connections>
            <connection>
              <guiId>2</guiId>
              <to>1</to>
              <toObjectType>ap.gui.Node</toObjectType>
              <fromAnchor/>
              <toAnchor/>
              <showArrowhead>true</showArrowhead>
              <flowLabel/>
              <label>
                <fontColor>#000000</fontColor>
                <fontFamily>Arial, Helvetica, Sans-Serif</fontFamily>
                <fontSize>12</fontSize>
                <bold>false</bold>
                <italics>false</italics>
                <underline>false</underline>
              </label>
              <associations/>
              <chained>false</chained>
              <overridesAssignment>true</overridesAssignment>
              <synchronizeData>false</synchronizeData>
            </connection>
          </connections>
          <associations/>
          <target-completion>5.0</target-completion>
          <target-lag>1.0</target-lag>
          <attachments/>
          <notes/>
          <lingering>false</lingering>
          <on-create-ignore-if-active>false</on-create-ignore-if-active>
          <on-create-delete-previous-active>false</on-create-delete-previous-active>
          <on-complete-delete-previous-completed>false</on-complete-delete-previous-completed>
          <pre-triggers/>
          <post-triggers/>
          <event-producers/>
          <exception-flow/>
          <label>
            <fontColor>#000000</fontColor>
            <fontFamily>Arial, Helvetica, Sans-Serif</fontFamily>
            <fontSize>12</fontSize>
            <bold>false</bold>
            <italics>false</italics>
            <underline>false</underline>
          </label>
          <deadline>
            <enabled>false</enabled>
            <type>0</type>
            <units>0</units>
            <rex/>
            <aex/>
          </deadline>
          <allowsBack>false</allowsBack>
          <refreshDefaultValues>false</refreshDefaultValues>
          <on-complete-keep-form-data>false</on-complete-keep-form-data>
          <skipNotification>false</skipNotification>
        </node>
      </nodes>
      <annotations/>
      <lanes/>
      <attachments/>
      <notes/>
      <priority id="1"/>
      <form-map>
        <pair>
          <locale country="" lang="es" variant=""/>
          <form-config>
            <form>
              <type>3</type>
              <enabled>true</enabled>
              <dynamic-form>
                <form-elements/>
              </dynamic-form>
              <hiddenSections>16</hiddenSections>
            </form>
          </form-config>
        </pair>
        <pair>
          <locale country="US" lang="en" variant=""/>
          <form-config>
            <form>
              <type>3</type>
              <enabled>false</enabled>
              <dynamic-form>
                <form-elements/>
              </dynamic-form>
              <hiddenSections>16</hiddenSections>
            </form>
          </form-config>
        </pair>
      </form-map>
      <isPublic>false</isPublic>
    </pm>
  </process_model_port>
  <isPublished>true</isPublished>
  <history>
    <historyInfo versionUuid="0002e7dd-bda8-8000-365b-014d98014d98"/>
    <historyInfo versionUuid="0003e8ad-8def-8000-3869-014d98014d98"/>
  </history>
</processModelHaul>
