<?xml version="1.0" encoding="UTF-8" standalone="yes"?>
<applicationHaul xmlns:a="http://www.appian.com/ae/types/2009">
    <versionUuid>_a-0000ee89-fb93-8000-c7ce-22ef9022ef90_16022</versionUuid>
    <application>
        <name>PocS</name>
        <uuid>a5f62eea-ea7e-4108-80ad-dca1c5f9d643</uuid>
        <description>Pruebas de concepto </description>
        <parentUuid>SYSTEM_APPLICATIONS_ROOT</parentUuid>
        <visibility>
            <advertise>false</advertise>
            <hierarchy>true</hierarchy>
            <indexable>true</indexable>
            <quota>false</quota>
            <searchable>true</searchable>
            <system>false</system>
            <unlogged>false</unlogged>
        </visibility>
        <urlIdentifier>CdEX2A</urlIdentifier>
        <published>false</published>
        <public>false</public>
        <prefix>P</prefix>
        <associatedObjects>
            <globalIdMap>
                <item>
                    <type>datatype</type>
                    <uuids/>
                </item>
                <item>
                    <type>dataStore</type>
                    <uuids/>
                </item>
                <item>
                    <type>user</type>
                    <uuids/>
                </item>
                <item>
                    <type>groupType</type>
                    <uuids/>
                </item>
                <item>
                    <type>group</type>
                    <uuids>
                        <uuid>6d7dc77d-6a75-4a65-8e80-7da38c715875</uuid>
                        <uuid>78e7ac7f-f725-46ba-90ba-d70b6fc7fe92</uuid>
                    </uuids>
                </item>
                <item>
                    <type>content</type>
                    <uuids>
                        <uuid>d14de49e-8c70-42ff-a4f7-48e8e974ab43</uuid>
                        <uuid>dbf14d12-be9b-4aeb-833c-04df44855f01</uuid>
                        <uuid>46e48a20-653e-41bd-b1dd-daba35731cae</uuid>
                        <uuid>1f8ce1fb-26fb-43b8-854f-95b1d8e8cbcc</uuid>
                        <uuid>_a-0000ecf2-a59a-8000-8542-2cef902cef90_6991</uuid>
                        <uuid>543be5ed-5910-4ed8-b180-5e142cb975ba</uuid>
                        <uuid>e08a898f-4766-474a-9815-7ad8b42eb9d0</uuid>
                        <uuid>_a-0000ecfa-af94-8000-8546-2cef902cef90_7494</uuid>
                        <uuid>_a-0000ecfa-af94-8000-8546-2cef902cef90_7513</uuid>
                        <uuid>_a-0000ed02-699a-8000-854a-2cef902cef90_7555</uuid>
                        <uuid>_a-0000ed4c-4d4d-8000-8556-2cef902cef90_7707</uuid>
                        <uuid>_a-0000ed4c-4d4d-8000-8556-2cef902cef90_7719</uuid>
                        <uuid>_a-0000ee87-5769-8000-c7c8-22ef9022ef90_15926</uuid>
                        <uuid>_a-0000ee87-5769-8000-c7c8-22ef9022ef90_15932</uuid>
                        <uuid>a5af40aa-d09f-425a-bd68-c1bbaf50e8b0</uuid>
                    </uuids>
                </item>
                <item>
                    <type>forum</type>
                    <uuids/>
                </item>
                <item>
                    <type>processModelFolder</type>
                    <uuids>
                        <uuid>7feb3a85-0728-4c7e-ade9-32c799d944d3</uuid>
                    </uuids>
                </item>
                <item>
                    <type>processModel</type>
                    <uuids>
                        <uuid>0002ecf2-bee4-8000-85b2-2c4d982c4d98</uuid>
                        <uuid>9bc58bbf-4f93-428f-ad91-c7bf682d478f</uuid>
                        <uuid>ad302e4c-9b65-46a2-ad77-fd5be0e025d4</uuid>
                        <uuid>0002ed39-c72f-8000-85e3-2c4d982c4d98</uuid>
                        <uuid>0002ee64-0ae2-8000-cfe1-224d98224d98</uuid>
                        <uuid>0002ee87-5ed4-8000-d084-224d98224d98</uuid>
                    </uuids>
                </item>
                <item>
                    <type>portlet</type>
                    <uuids/>
                </item>
                <item>
                    <type>page</type>
                    <uuids/>
                </item>
                <item>
                    <type>application</type>
                    <uuids/>
                </item>
                <item>
                    <type>tempoFeed</type>
                    <uuids/>
                </item>
                <item>
                    <type>recordType</type>
                    <uuids>
                        <uuid>a6235fc2-4b48-44eb-b86d-4b4cbe2fda48</uuid>
                    </uuids>
                </item>
                <item>
                    <type>recordField</type>
                    <uuids/>
                </item>
                <item>
                    <type>recordRelationship</type>
                    <uuids/>
                </item>
                <item>
                    <type>tempoReport</type>
                    <uuids/>
                </item>
                <item>
                    <type>taskReport</type>
                    <uuids/>
                </item>
                <item>
                    <type>webApi</type>
                    <uuids>
                        <uuid>6807af67-398f-49b2-b941-e71fbfdc7ef1</uuid>
                        <uuid>954c009c-83ab-43f1-a118-74baafd9e55f</uuid>
                        <uuid>e868c035-3f41-49ec-b5f1-ee1edddd39fa</uuid>
                    </uuids>
                </item>
                <item>
                    <type>site</type>
                    <uuids>
                        <uuid>7c5c3a39-f4ea-47fe-847b-2542f7a13b33</uuid>
                    </uuids>
                </item>
                <item>
                    <type>adminSetting</type>
                    <uuids/>
                </item>
                <item>
                    <type>thirdPartyCredentials</type>
                    <uuids/>
                </item>
                <item>
                    <type>dataSource</type>
                    <uuids/>
                </item>
                <item>
                    <type>embeddedSailTheme</type>
                    <uuids/>
                </item>
                <item>
                    <type>connectedSystem</type>
                    <uuids/>
                </item>
                <item>
                    <type>pluginInfo</type>
                    <uuids/>
                </item>
                <item>
                    <type>featureFlag</type>
                    <uuids/>
                </item>
                <item>
                    <type>designObjectReferenceImplementation</type>
                    <uuids/>
                </item>
                <item>
                    <type>aiSkill</type>
                    <uuids/>
                </item>
                <item>
                    <type>roboticTaskDesignObject</type>
                    <uuids/>
                </item>
                <item>
                    <type>robotPoolDesignObject</type>
                    <uuids/>
                </item>
                <item>
                    <type>portal</type>
                    <uuids/>
                </item>
                <item>
                    <type>translationSet</type>
                    <uuids/>
                </item>
                <item>
                    <type>translationString</type>
                    <uuids/>
                </item>
                <item>
                    <type>translationVariable</type>
                    <uuids/>
                </item>
                <item>
                    <type>controlPanel</type>
                    <uuids/>
                </item>
                <item>
                    <type>controlPanelTierItem</type>
                    <uuids/>
                </item>
                <item>
                    <type>messageExecutor</type>
                    <uuids/>
                </item>
            </globalIdMap>
        </associatedObjects>
        <applicationNavigation/>
        <applicationActions/>
        <associatedApplications>
            <globalIdMap>
                <item>
                    <type>datatype</type>
                    <uuids/>
                </item>
                <item>
                    <type>dataStore</type>
                    <uuids/>
                </item>
                <item>
                    <type>user</type>
                    <uuids/>
                </item>
                <item>
                    <type>groupType</type>
                    <uuids/>
                </item>
                <item>
                    <type>group</type>
                    <uuids/>
                </item>
                <item>
                    <type>content</type>
                    <uuids/>
                </item>
                <item>
                    <type>forum</type>
                    <uuids/>
                </item>
                <item>
                    <type>processModelFolder</type>
                    <uuids/>
                </item>
                <item>
                    <type>processModel</type>
                    <uuids/>
                </item>
                <item>
                    <type>portlet</type>
                    <uuids/>
                </item>
                <item>
                    <type>page</type>
                    <uuids/>
                </item>
                <item>
                    <type>application</type>
                    <uuids/>
                </item>
                <item>
                    <type>tempoFeed</type>
                    <uuids/>
                </item>
                <item>
                    <type>recordType</type>
                    <uuids/>
                </item>
                <item>
                    <type>recordField</type>
                    <uuids/>
                </item>
                <item>
                    <type>recordRelationship</type>
                    <uuids/>
                </item>
                <item>
                    <type>tempoReport</type>
                    <uuids/>
                </item>
                <item>
                    <type>taskReport</type>
                    <uuids/>
                </item>
                <item>
                    <type>webApi</type>
                    <uuids/>
                </item>
                <item>
                    <type>site</type>
                    <uuids/>
                </item>
                <item>
                    <type>adminSetting</type>
                    <uuids/>
                </item>
                <item>
                    <type>thirdPartyCredentials</type>
                    <uuids/>
                </item>
                <item>
                    <type>dataSource</type>
                    <uuids/>
                </item>
                <item>
                    <type>embeddedSailTheme</type>
                    <uuids/>
                </item>
                <item>
                    <type>connectedSystem</type>
                    <uuids/>
                </item>
                <item>
                    <type>pluginInfo</type>
                    <uuids/>
                </item>
                <item>
                    <type>featureFlag</type>
                    <uuids/>
                </item>
                <item>
                    <type>designObjectReferenceImplementation</type>
                    <uuids/>
                </item>
                <item>
                    <type>aiSkill</type>
                    <uuids/>
                </item>
                <item>
                    <type>roboticTaskDesignObject</type>
                    <uuids/>
                </item>
                <item>
                    <type>robotPoolDesignObject</type>
                    <uuids/>
                </item>
                <item>
                    <type>portal</type>
                    <uuids/>
                </item>
                <item>
                    <type>translationSet</type>
                    <uuids/>
                </item>
                <item>
                    <type>translationString</type>
                    <uuids/>
                </item>
                <item>
                    <type>translationVariable</type>
                    <uuids/>
                </item>
                <item>
                    <type>controlPanel</type>
                    <uuids/>
                </item>
                <item>
                    <type>controlPanelTierItem</type>
                    <uuids/>
                </item>
                <item>
                    <type>messageExecutor</type>
                    <uuids/>
                </item>
            </globalIdMap>
        </associatedApplications>
    </application>
    <roleMap>
        <contentRoleMap public="true">
            <role inherit="false" allowForAll="false" name="readers">
                <users/>
                <groups>
                    <groupUuid>78e7ac7f-f725-46ba-90ba-d70b6fc7fe92</groupUuid>
                </groups>
            </role>
            <role inherit="false" allowForAll="false" name="authors">
                <users/>
                <groups/>
            </role>
            <role inherit="false" allowForAll="false" name="administrators">
                <users/>
                <groups>
                    <groupUuid>6d7dc77d-6a75-4a65-8e80-7da38c715875</groupUuid>
                </groups>
            </role>
            <role inherit="false" allowForAll="false" name="denyReaders">
                <users/>
                <groups/>
            </role>
            <role inherit="false" allowForAll="false" name="denyAuthors">
                <users/>
                <groups/>
            </role>
            <role inherit="false" allowForAll="false" name="denyAdministrators">
                <users/>
                <groups/>
            </role>
        </contentRoleMap>
    </roleMap>
    <defaultApplicationObjects>
        <object>
            <objectKey>defaultAdminsGroup</objectKey>
            <objectType>group</objectType>
            <objectUuid>6d7dc77d-6a75-4a65-8e80-7da38c715875</objectUuid>
        </object>
        <object>
            <objectKey>defaultUsersGroup</objectKey>
            <objectType>group</objectType>
            <objectUuid>78e7ac7f-f725-46ba-90ba-d70b6fc7fe92</objectUuid>
        </object>
    </defaultApplicationObjects>
    <applicationDocumentation/>
    <history>
        <historyInfo versionUuid="a5f62eea-ea7e-4108-80ad-dca1c5f9d643"/>
        <historyInfo versionUuid="_a-0000ed73-b8c7-8000-8566-2cef902cef90_8110"/>
        <historyInfo versionUuid="_a-0000ee89-fb93-8000-c7ce-22ef9022ef90_16022"/>
    </history>
    <postDeploymentProcessData/>
    <requirementsCaptureB64 xmlns:xsi="http://www.w3.org/2001/XMLSchema-instance" xsi:nil="true"/>
</applicationHaul>
