<?xml version="1.0" encoding="UTF-8" standalone="yes"?>
<groupHaul xmlns:a="http://www.appian.com/ae/types/2009">
    <versionUuid>0ae3c099-a2e6-4c00-854d-4b51cf0c38db</versionUuid>
    <group>
        <name>T administradores</name>
        <securityMap>SECURITYMAP_TEAM</securityMap>
        <uuid>0ae3c099-a2e6-4c00-854d-4b51cf0c38db</uuid>
        <groupTypeUuid>SYSTEM_GROUP_TYPE_CUSTOM</groupTypeUuid>
        <description>Grupo al que toda la actividad TestDO está asegurada.</description>
        <delegatedCreation>false</delegatedCreation>
        <memberPolicy>MEMBERPOLICY_CLOSED</memberPolicy>
        <viewingPolicy>VIEWINGPOLICY_LOW</viewingPolicy>
        <attributes/>
    </group>
    <members>
        <users/>
        <groups/>
    </members>
    <admins>
        <users/>
        <groups>
            <groupUuid>0ae3c099-a2e6-4c00-854d-4b51cf0c38db</groupUuid>
        </groups>
    </admins>
    <ruleSet/>
    <history>
        <historyInfo versionUuid="0ae3c099-a2e6-4c00-854d-4b51cf0c38db"/>
    </history>
</groupHaul>
