<?xml version="1.0" encoding="UTF-8" standalone="yes"?>
<groupHaul xmlns:a="http://www.appian.com/ae/types/2009">
    <versionUuid>7427b829-953c-42da-9a7d-f2ba28537e24</versionUuid>
    <group>
        <name>T‎ usuarios</name>
        <securityMap>SECURITYMAP_TEAM</securityMap>
        <uuid>7427b829-953c-42da-9a7d-f2ba28537e24</uuid>
        <groupTypeUuid>SYSTEM_GROUP_TYPE_CUSTOM</groupTypeUuid>
        <description>Grupo al que toda la actividad TestDO está asegurada.</description>
        <delegatedCreation>false</delegatedCreation>
        <memberPolicy>MEMBERPOLICY_CLOSED</memberPolicy>
        <viewingPolicy>VIEWINGPOLICY_LOW</viewingPolicy>
        <attributes/>
    </group>
    <members>
        <users/>
        <groups>
            <groupUuid>0ae3c099-a2e6-4c00-854d-4b51cf0c38db</groupUuid>
        </groups>
    </members>
    <admins>
        <users/>
        <groups>
            <groupUuid>0ae3c099-a2e6-4c00-854d-4b51cf0c38db</groupUuid>
        </groups>
    </admins>
    <ruleSet/>
    <history>
        <historyInfo versionUuid="7427b829-953c-42da-9a7d-f2ba28537e24"/>
    </history>
</groupHaul>
