<?xml version="1.0" encoding="UTF-8" standalone="yes"?>
<contentHaul xmlns:a="http://www.appian.com/ae/types/2009">
    <versionUuid>_a-0000ecdd-1087-8000-9c08-011c48011c48_710037</versionUuid>
    <report>
        <name>TestReport</name>
        <uuid>_a-0000ecdd-1087-8000-9c08-011c48011c48_709764</uuid>
        <description></description>
        <parentUuid>_a-0000e5b3-6326-8000-9baf-011c48011c48_203299</parentUuid>
        <visibility>
            <advertise>false</advertise>
            <hierarchy>true</hierarchy>
            <indexable>true</indexable>
            <quota>false</quota>
            <searchable>true</searchable>
            <system>false</system>
            <unlogged>false</unlogged>
        </visibility>
        <reportData>
            <metadata>
                <baseFilters>
                    <completedFilter>
                        <apply>false</apply>
                    </completedFilter>
                    <outsideNStandardDeviationsFilter>
                        <apply>false</apply>
                        <standardDeviationCount>0.0</standardDeviationCount>
                    </outsideNStandardDeviationsFilter>
                    <lastNCompletedFilter>
                        <apply>false</apply>
                        <completedCount>0</completedCount>
                    </lastNCompletedFilter>
                    <aheadOfScheduleFilter>
                        <apply>false</apply>
                    </aheadOfScheduleFilter>
                    <runningFilter>
                        <apply>false</apply>
                    </runningFilter>
                    <behindScheduleFilter>
                        <apply>false</apply>
                    </behindScheduleFilter>
                    <lastNDaysFilter>
                        <apply>false</apply>
                        <dayCount>0.0</dayCount>
                    </lastNDaysFilter>
                    <dueTodayFilter>
                        <apply>false</apply>
                    </dueTodayFilter>
                </baseFilters>
                <batchSize>25</batchSize>
                <columns>
                    <column>
                        <drillPath>
                            <enabled>false</enabled>
                        </drillPath>
                        <expression>=pm!name</expression>
                        <formatToken>string</formatToken>
                        <group>false</group>
                        <lastFormatToken>string</lastFormatToken>
                        <localId>0</localId>
                        <name>Name</name>
                        <show>true</show>
                    </column>
                    <column>
                        <drillPath>
                            <enabled>false</enabled>
                        </drillPath>
                        <expression>=pm!description</expression>
                        <formatToken>string</formatToken>
                        <group>false</group>
                        <lastFormatToken>string</lastFormatToken>
                        <localId>1</localId>
                        <name>Description</name>
                        <show>false</show>
                    </column>
                    <column>
                        <drillPath>
                            <enabled>false</enabled>
                        </drillPath>
                        <expression>=pm!creator</expression>
                        <formatToken>users</formatToken>
                        <group>false</group>
                        <lastFormatToken>users</lastFormatToken>
                        <localId>2</localId>
                        <name>Created By</name>
                        <show>false</show>
                    </column>
                </columns>
                <contextType>0</contextType>
                <quickFilters>
                    <quickFilter>
                        <defaultItem>0</defaultItem>
                        <quickFilterItems>
                            <quickFilterItem>
<filters>
    <completedFilter>
        <apply>false</apply>
    </completedFilter>
    <outsideNStandardDeviationsFilter>
        <apply>false</apply>
        <standardDeviationCount>0.0</standardDeviationCount>
    </outsideNStandardDeviationsFilter>
    <lastNCompletedFilter>
        <apply>false</apply>
        <completedCount>0</completedCount>
    </lastNCompletedFilter>
    <aheadOfScheduleFilter>
        <apply>false</apply>
    </aheadOfScheduleFilter>
    <runningFilter>
        <apply>false</apply>
    </runningFilter>
    <behindScheduleFilter>
        <apply>false</apply>
    </behindScheduleFilter>
    <lastNDaysFilter>
        <apply>false</apply>
        <dayCount>0.0</dayCount>
    </lastNDaysFilter>
    <dueTodayFilter>
        <apply>false</apply>
    </dueTodayFilter>
    <simpleColumnFilter>
        <apply>true</apply>
        <columnLocalId>1</columnLocalId>
        <comparison>4</comparison>
        <typedValue>
            <type>
                <name>string</name>
                <namespace>http://www.w3.org/2001/XMLSchema</namespace>
            </type>
            <value>""</value>
        </typedValue>
        <reportPortletFilter>false</reportPortletFilter>
    </simpleColumnFilter>
</filters>
<name>Filtro</name>
                            </quickFilterItem>
                        </quickFilterItems>
                        <name>New Filter Set</name>
                        <selectedItem>0</selectedItem>
                    </quickFilter>
                </quickFilters>
                <recursive>false</recursive>
                <sortColumnLocalId>0</sortColumnLocalId>
                <sortOrder>0</sortOrder>
                <startIndex>0</startIndex>
                <type>0</type>
            </metadata>
            <display>
                <displayThresholds>false</displayThresholds>
                <displayType>0</displayType>
                <name>TestReport</name>
                <quickFilterDisplay>0</quickFilterDisplay>
                <showLegend>true</showLegend>
                <showQuickFiltersInToolbar>true</showQuickFiltersInToolbar>
                <supportedTypes>
                    <supportedType>0</supportedType>
                    <supportedType>1</supportedType>
                    <supportedType>2</supportedType>
                    <supportedType>3</supportedType>
                    <supportedType>4</supportedType>
                    <supportedType>5</supportedType>
                    <supportedType>6</supportedType>
                    <supportedType>7</supportedType>
                </supportedTypes>
                <useCustomToolbar>false</useCustomToolbar>
                <useDefaultBarGraphXML>true</useDefaultBarGraphXML>
                <useDefaultLineGraphXML>true</useDefaultLineGraphXML>
                <useDefaultPieGraphXML>true</useDefaultPieGraphXML>
            </display>
            <modified>false</modified>
            <showDisplayOptions>false</showDisplayOptions>
            <showTitle>false</showTitle>
            <showToolbar>false</showToolbar>
            <view>0</view>
            <writeAccess>false</writeAccess>
        </reportData>
    </report>
    <roleMap public="true">
        <role inherit="true" allowForAll="false" name="readers">
            <users/>
            <groups/>
        </role>
        <role inherit="true" allowForAll="false" name="authors">
            <users/>
            <groups/>
        </role>
        <role inherit="true" allowForAll="false" name="administrators">
            <users/>
            <groups/>
        </role>
        <role inherit="false" allowForAll="false" name="denyReaders">
            <users/>
            <groups/>
        </role>
        <role inherit="false" allowForAll="false" name="denyAuthors">
            <users/>
            <groups/>
        </role>
        <role inherit="false" allowForAll="false" name="denyAdministrators">
            <users/>
            <groups/>
        </role>
    </roleMap>
    <history>
        <historyInfo versionUuid="_a-0000ecdd-1087-8000-9c08-011c48011c48_710037"/>
    </history>
</contentHaul>
