<?xml version="1.0" encoding="UTF-8" standalone="yes"?>
<contentHaul xmlns:a="http://www.appian.com/ae/types/2009">
    <versionUuid>_a-0000ed03-5a13-8000-9c0a-011c48011c48_763580</versionUuid>
    <interface>
        <name>P_test</name>
        <uuid>_a-0000ed03-5a13-8000-9c0a-011c48011c48_763563</uuid>
        <description></description>
        <parentUuid>_a-0000e5b3-6326-8000-9baf-011c48011c48_210963</parentUuid>
        <visibility>
            <advertise>false</advertise>
            <hierarchy>true</hierarchy>
            <indexable>true</indexable>
            <quota>false</quota>
            <searchable>true</searchable>
            <system>false</system>
            <unlogged>false</unlogged>
        </visibility>
        <definition>{
  #"SYSTEM_SYSRULES_ButtonArrayLayout"(
    buttons: {
      #"SYSTEM_SYSRULES_buttonWidget_v1"(
        label: "Button",
        style: "OUTLINE",
        saveInto: #"SYSTEM_SYSRULES_startProcess3"(
            processModel: #"_a-0000ed03-5a13-8000-9c0a-011c48011c48_763569"
        )
      )
    },
    align: "START",
    marginBelow: "NONE"
  )
}</definition>
        <preferredEditor>interface</preferredEditor>
        <offlineEnabled>false</offlineEnabled>
        <isCustom>false</isCustom>
    </interface>
    <roleMap public="true">
        <role inherit="true" allowForAll="false" name="readers">
            <users/>
            <groups/>
        </role>
        <role inherit="true" allowForAll="false" name="authors">
            <users/>
            <groups/>
        </role>
        <role inherit="true" allowForAll="false" name="administrators">
            <users/>
            <groups/>
        </role>
        <role inherit="false" allowForAll="false" name="denyReaders">
            <users/>
            <groups/>
        </role>
        <role inherit="false" allowForAll="false" name="denyAuthors">
            <users/>
            <groups/>
        </role>
        <role inherit="false" allowForAll="false" name="denyAdministrators">
            <users/>
            <groups/>
        </role>
    </roleMap>
    <history>
        <historyInfo versionUuid="_a-0000ed03-5a13-8000-9c0a-011c48011c48_763580"/>
    </history>
</contentHaul>
