<?xml version="1.0" encoding="UTF-8" standalone="yes"?>
<applicationPatches>
    <applicationPatch>
        <applicationUuid>_a-0000e2b3-ebcf-8000-9ba2-011c48011c48_400487</applicationUuid>
        <packageInfo>
            <url></url>
        </packageInfo>
        <patchContents>
            <item>
                <type>content</type>
                <uuids>
                    <uuid>_a-0000ed5f-a4eb-8000-9c36-011c48011c48_2061036</uuid>
                </uuids>
            </item>
        </patchContents>
    </applicationPatch>
</applicationPatches>
